Style,Standard
Append Mode,1
Fill Mode,1
Capacity,100000
Count,597
Base Time Seconds,1719583346
Base Time Fractional,.607267000
Base Time,06/28/2024 14:02:26.607267000
Reading,Unit,Range Digits,Disp Digits,Math,Start Group,Limit1 High,Limit1 Low,Limit2 High,Limit2 Low,Terminal,Questionable,Origin,Value,Unit,Digits,Output,Sense,Source Limit,Overtemp,Relative Time
-0.0009239557548426,Amp DC,.001,5.5,F,F,F,F,F,F,Front,F,Main,-4.9997553825378,Volt DC,10,T,2W,F,F,0.000000000
-0.0008762441575527,Amp DC,.001,5.5,F,F,F,F,F,F,Front,F,Main,-4.8985862731934,Volt DC,10,T,2W,F,F,0.069487400
-0.0008287645177916,Amp DC,.001,5.5,F,F,F,F,F,F,Front,F,Main,-4.7977995872498,Volt DC,10,T,2W,F,F,0.138938440
-0.0007811783580109,Amp DC,.001,5.5,F,F,F,F,F,F,Front,F,Main,-4.6966834068298,Volt DC,10,T,2W,F,F,0.208381980
-0.0007337774150074,Amp DC,.001,5.5,F,F,F,F,F,F,Front,F,Main,-4.5958390235901,Volt DC,10,T,2W,F,F,0.277816660
-0.0006862720474601,Amp DC,.001,5.5,F,F,F,F,F,F,Front,F,Main,-4.4946331977844,Volt DC,10,T,2W,F,F,0.347250740
-0.0006390386843123,Amp DC,.001,5.5,F,F,F,F,F,F,Front,F,Main,-4.3938589096069,Volt DC,10,T,2W,F,F,0.416678600
-0.0005917070084251,Amp DC,.001,5.5,F,F,F,F,F,F,Front,F,Main,-4.2926907539368,Volt DC,10,T,2W,F,F,0.486122360
-0.0005444857524708,Amp DC,.001,5.5,F,F,F,F,F,F,Front,F,Main,-4.1915564537048,Volt DC,10,T,2W,F,F,0.555553020
-0.000497535103932,Amp DC,.001,5.5,F,F,F,F,F,F,Front,F,Main,-4.0907311439514,Volt DC,10,T,2W,F,F,0.625000680
-0.0004505644028541,Amp DC,.001,5.5,F,F,F,F,F,F,Front,F,Main,-3.9895894527435,Volt DC,10,T,2W,F,F,0.694421080
-0.0004039365157951,Amp DC,.001,5.5,F,F,F,F,F,F,Front,F,Main,-3.8887329101563,Volt DC,10,T,2W,F,F,0.763852520
-0.0003573711437639,Amp DC,.001,5.5,F,F,F,F,F,F,Front,F,Main,-3.7875971794128,Volt DC,10,T,2W,F,F,0.833266020
-0.0003112792910542,Amp DC,.001,5.5,F,F,F,F,F,F,Front,F,Main,-3.6868314743042,Volt DC,10,T,2W,F,F,0.902706200
-0.0002653881092556,Amp DC,.001,5.5,F,F,F,F,F,F,Front,F,Main,-3.5856823921204,Volt DC,10,T,2W,F,F,0.972150940
-0.0002201543102274,Amp DC,.001,5.5,F,F,F,F,F,F,Front,F,Main,-3.4848430156708,Volt DC,10,T,2W,F,F,1.041593540
-0.0001755484263413,Amp DC,.001,5.5,F,F,F,F,F,F,Front,F,Main,-3.3836789131165,Volt DC,10,T,2W,F,F,1.111038600
-0.0001322389725829,Amp DC,.001,5.5,F,F,F,F,F,F,Front,F,Main,-3.2828598022461,Volt DC,10,T,2W,F,F,1.180456320
-9.057623537956e-05,Amp DC,.0001,5.5,F,F,F,F,F,F,Front,F,Main,-3.1815366744995,Volt DC,10,T,2W,F,F,1.394854860
-5.262252307148e-05,Amp DC,.0001,5.5,F,F,F,F,F,F,Front,F,Main,-3.0808107852936,Volt DC,10,T,2W,F,F,1.464303720
-2.083618892357e-05,Amp DC,.0001,5.5,F,F,F,F,F,F,Front,F,Main,-2.9797334671021,Volt DC,10,T,2W,F,F,1.533735300
-2.954074943773e-06,Amp DC,.00001,5.5,F,F,F,F,F,F,Front,F,Main,-2.8788375854492,Volt DC,10,T,2W,F,F,1.752133360
-3.480438977022e-07,Amp DC,.000001,5.5,F,F,F,F,F,F,Front,F,Main,-2.7776675224304,Volt DC,10,T,2W,F,F,1.974530180
-2.592569217086e-07,Amp DC,.000001,5.5,F,F,F,F,F,F,Front,F,Main,-2.6765534877777,Volt DC,10,T,2W,F,F,2.058691120
-2.445501934289e-07,Amp DC,.000001,5.5,F,F,F,F,F,F,Front,F,Main,-2.5757358074188,Volt DC,10,T,2W,F,F,2.142846000
-2.329068564677e-07,Amp DC,.000001,5.5,F,F,F,F,F,F,Front,F,Main,-2.4743003845215,Volt DC,10,T,2W,F,F,2.226989420
-2.221919714884e-07,Amp DC,.000001,5.5,F,F,F,F,F,F,Front,F,Main,-2.3731250762939,Volt DC,10,T,2W,F,F,2.311140500
-2.119105602105e-07,Amp DC,.000001,5.5,F,F,F,F,F,F,Front,F,Main,-2.2723116874695,Volt DC,10,T,2W,F,F,2.395286780
-2.015949576162e-07,Amp DC,.000001,5.5,F,F,F,F,F,F,Front,F,Main,-2.1711421012878,Volt DC,10,T,2W,F,F,2.479421820
-1.914814049542e-07,Amp DC,.000001,5.5,F,F,F,F,F,F,Front,F,Main,-2.0703558921814,Volt DC,10,T,2W,F,F,2.563559100
-1.813172332277e-07,Amp DC,.000001,5.5,F,F,F,F,F,F,Front,F,Main,-1.9692209959030,Volt DC,10,T,2W,F,F,2.647677900
-1.712443093993e-07,Amp DC,.000001,5.5,F,F,F,F,F,F,Front,F,Main,-1.8683704137802,Volt DC,10,T,2W,F,F,2.731848260
-1.610837188082e-07,Amp DC,.000001,5.5,F,F,F,F,F,F,Front,F,Main,-1.7671542167664,Volt DC,10,T,2W,F,F,2.815999380
-1.51028672235e-07,Amp DC,.000001,5.5,F,F,F,F,F,F,Front,F,Main,-1.6663845777512,Volt DC,10,T,2W,F,F,2.900149060
-1.408739365161e-07,Amp DC,.000001,5.5,F,F,F,F,F,F,Front,F,Main,-1.5651972293854,Volt DC,10,T,2W,F,F,2.984290740
-1.308087718144e-07,Amp DC,.000001,5.5,F,F,F,F,F,F,Front,F,Main,-1.4643903970718,Volt DC,10,T,2W,F,F,3.068431260
-1.206272486343e-07,Amp DC,.000001,5.5,F,F,F,F,F,F,Front,F,Main,-1.3632309436798,Volt DC,10,T,2W,F,F,3.152584180
-1.10533328268e-07,Amp DC,.000001,5.5,F,F,F,F,F,F,Front,F,Main,-1.2620451450348,Volt DC,10,T,2W,F,F,3.236762160
-1.004514231795e-07,Amp DC,.000001,5.5,F,F,F,F,F,F,Front,F,Main,-1.1611860990524,Volt DC,10,T,2W,F,F,3.320918520
-1.061886649723e-07,Amp DC,.000001,5.5,F,F,F,F,F,F,Front,F,Main,-1.0600550174713,Volt DC,10,T,2W,F,F,3.893034900
-9.31975137064e-08,Amp DC,.0000001,5.5,F,F,F,F,F,F,Front,F,Main,-0.9505766630173,Volt DC,10,T,2W,F,F,4.167650880
-8.10626588077e-08,Amp DC,.0000001,5.5,F,F,F,F,F,F,Front,F,Main,-0.8578900098801,Volt DC,10,T,2W,F,F,4.549200420
-7.071724184016e-08,Amp DC,.0000001,5.5,F,F,F,F,F,F,Front,F,Main,-0.7570700645447,Volt DC,10,T,2W,F,F,4.930722620
-6.056539092469e-08,Amp DC,.0000001,5.5,F,F,F,F,F,F,Front,F,Main,-0.6559360027313,Volt DC,10,T,2W,F,F,5.312231080
-5.055816387767e-08,Amp DC,.0000001,5.5,F,F,F,F,F,F,Front,F,Main,-0.5551043748856,Volt DC,10,T,2W,F,F,5.693736140
-4.041902812446e-08,Amp DC,.0000001,5.5,F,F,F,F,F,F,Front,F,Main,-0.4539420306683,Volt DC,10,T,2W,F,F,6.075254980
-3.038705642666e-08,Amp DC,.0000001,5.5,F,F,F,F,F,F,Front,F,Main,-0.3531570434570,Volt DC,10,T,2W,F,F,6.456775300
-2.025623757618e-08,Amp DC,.0000001,5.5,F,F,F,F,F,F,Front,F,Main,-0.2520436346531,Volt DC,10,T,2W,F,F,6.838293080
-1.021678830426e-08,Amp DC,.0000001,5.5,F,F,F,F,F,F,Front,F,Main,-0.1511540710926,Volt DC,10,T,2W,F,F,7.219773400
-5.165444960653e-09,Amp DC,.0000001,5.5,F,F,F,F,F,F,Front,F,Main,-0.0500960834324,Volt DC,10,T,2W,F,F,8.062628640
4.997546820817e-09,Amp DC,.0000001,5.5,F,F,F,F,F,F,Front,F,Main,0.0504889935255,Volt DC,10,T,2W,F,F,8.905867020
1.988289888288e-08,Amp DC,.0000001,5.5,F,F,F,F,F,F,Front,F,Main,0.1513440757990,Volt DC,10,T,2W,F,F,9.287368780
3.015215455093e-08,Amp DC,.0000001,5.5,F,F,F,F,F,F,Front,F,Main,0.2525221407413,Volt DC,10,T,2W,F,F,9.668884020
4.021852006986e-08,Amp DC,.0000001,5.5,F,F,F,F,F,F,Front,F,Main,0.3532760143280,Volt DC,10,T,2W,F,F,10.050372320
5.037179562351e-08,Amp DC,.0000001,5.5,F,F,F,F,F,F,Front,F,Main,0.4543752372265,Volt DC,10,T,2W,F,F,10.431848100
6.046463596476e-08,Amp DC,.0000001,5.5,F,F,F,F,F,F,Front,F,Main,0.5552309751511,Volt DC,10,T,2W,F,F,10.813363080
7.061932905117e-08,Amp DC,.0000001,5.5,F,F,F,F,F,F,Front,F,Main,0.6563436388969,Volt DC,10,T,2W,F,F,11.194883600
8.071946666632e-08,Amp DC,.0000001,5.5,F,F,F,F,F,F,Front,F,Main,0.7574864625931,Volt DC,10,T,2W,F,F,11.576387640
8.991943900583e-08,Amp DC,.0000001,5.5,F,F,F,F,F,F,Front,F,Main,0.8541072010994,Volt DC,10,T,2W,F,F,11.957883620
9.740385564783e-08,Amp DC,.0000001,5.5,F,F,F,F,F,F,Front,F,Main,0.9372212290764,Volt DC,10,T,2W,F,F,12.339393800
1.069506723184e-07,Amp DC,.000001,5.5,F,F,F,F,F,F,Front,F,Main,1.0603454113007,Volt DC,10,T,2W,F,F,13.018437220
1.253451813454e-07,Amp DC,.000001,5.5,F,F,F,F,F,F,Front,F,Main,1.1614830493927,Volt DC,10,T,2W,F,F,13.102603820
1.390673105561e-07,Amp DC,.000001,5.5,F,F,F,F,F,F,Front,F,Main,1.2623571157455,Volt DC,10,T,2W,F,F,13.186743760
1.508089439994e-07,Amp DC,.000001,5.5,F,F,F,F,F,F,Front,F,Main,1.3635083436966,Volt DC,10,T,2W,F,F,13.270892740
1.615980664837e-07,Amp DC,.000001,5.5,F,F,F,F,F,F,Front,F,Main,1.4643232822418,Volt DC,10,T,2W,F,F,13.355049840
1.720722764276e-07,Amp DC,.000001,5.5,F,F,F,F,F,F,Front,F,Main,1.5654678344727,Volt DC,10,T,2W,F,F,13.439190080
1.823374873311e-07,Amp DC,.000001,5.5,F,F,F,F,F,F,Front,F,Main,1.6666289567947,Volt DC,10,T,2W,F,F,13.523337180
1.924258015151e-07,Amp DC,.000001,5.5,F,F,F,F,F,F,Front,F,Main,1.7674189805984,Volt DC,10,T,2W,F,F,13.607487260
2.025947196671e-07,Amp DC,.000001,5.5,F,F,F,F,F,F,Front,F,Main,1.8686130046844,Volt DC,10,T,2W,F,F,13.691615440
2.126780742628e-07,Amp DC,.000001,5.5,F,F,F,F,F,F,Front,F,Main,1.9694453477859,Volt DC,10,T,2W,F,F,13.775760160
2.228161548601e-07,Amp DC,.000001,5.5,F,F,F,F,F,F,Front,F,Main,2.0705733299255,Volt DC,10,T,2W,F,F,13.859897120
2.3292834328e-07,Amp DC,.000001,5.5,F,F,F,F,F,F,Front,F,Main,2.1713716983795,Volt DC,10,T,2W,F,F,13.944037740
2.430423649002e-07,Amp DC,.000001,5.5,F,F,F,F,F,F,Front,F,Main,2.2725300788879,Volt DC,10,T,2W,F,F,14.028201920
2.531273537443e-07,Amp DC,.000001,5.5,F,F,F,F,F,F,Front,F,Main,2.3733415603638,Volt DC,10,T,2W,F,F,14.112344340
2.632644680034e-07,Amp DC,.000001,5.5,F,F,F,F,F,F,Front,F,Main,2.4745075702667,Volt DC,10,T,2W,F,F,14.196487420
2.73479884072e-07,Amp DC,.000001,5.5,F,F,F,F,F,F,Front,F,Main,2.5759277343750,Volt DC,10,T,2W,F,F,14.280640500
2.835618886365e-07,Amp DC,.000001,5.5,F,F,F,F,F,F,Front,F,Main,2.6770703792572,Volt DC,10,T,2W,F,F,14.364783200
2.950152406811e-07,Amp DC,.000001,5.5,F,F,F,F,F,F,Front,F,Main,2.7778456211090,Volt DC,10,T,2W,F,F,14.448925340
3.761918208056e-07,Amp DC,.000001,5.5,F,F,F,F,F,F,Front,F,Main,2.8790018558502,Volt DC,10,T,2W,F,F,14.533079660
3.174093762937e-06,Amp DC,.00001,5.5,F,F,F,F,F,F,Front,F,Main,2.9798622131348,Volt DC,10,T,2W,F,F,14.906233680
2.433555164316e-05,Amp DC,.0001,5.5,F,F,F,F,F,F,Front,F,Main,3.0809772014618,Volt DC,10,T,2W,F,F,15.259991360
6.078989099478e-05,Amp DC,.0001,5.5,F,F,F,F,F,F,Front,F,Main,3.1816606521606,Volt DC,10,T,2W,F,F,15.329443860
0.000102627898741,Amp DC,.0001,5.5,F,F,F,F,F,F,Front,F,Main,3.2827076911926,Volt DC,10,T,2W,F,F,15.398878920
0.0001467837573728,Amp DC,.001,5.5,F,F,F,F,F,F,Front,F,Main,3.3838231563568,Volt DC,10,T,2W,F,F,15.748597200
0.0001918741036206,Amp DC,.001,5.5,F,F,F,F,F,F,Front,F,Main,3.4849662780762,Volt DC,10,T,2W,F,F,15.818054420
0.0002374930336373,Amp DC,.001,5.5,F,F,F,F,F,F,Front,F,Main,3.5857720375061,Volt DC,10,T,2W,F,F,15.887489080
0.0002836929052137,Amp DC,.001,5.5,F,F,F,F,F,F,Front,F,Main,3.6869134902954,Volt DC,10,T,2W,F,F,15.956909580
0.0003302008844912,Amp DC,.001,5.5,F,F,F,F,F,F,Front,F,Main,3.7879867553711,Volt DC,10,T,2W,F,F,16.026361320
0.0003768523747567,Amp DC,.001,5.5,F,F,F,F,F,F,Front,F,Main,3.8888123035431,Volt DC,10,T,2W,F,F,16.095766380
0.0004238396359142,Amp DC,.001,5.5,F,F,F,F,F,F,Front,F,Main,3.9899814128876,Volt DC,10,T,2W,F,F,16.165189560
0.0004707918851636,Amp DC,.001,5.5,F,F,F,F,F,F,Front,F,Main,4.0907578468323,Volt DC,10,T,2W,F,F,16.234584440
0.0005180317093618,Amp DC,.001,5.5,F,F,F,F,F,F,Front,F,Main,4.1918992996216,Volt DC,10,T,2W,F,F,16.304007100
0.0005651980172843,Amp DC,.001,5.5,F,F,F,F,F,F,Front,F,Main,4.2927026748657,Volt DC,10,T,2W,F,F,16.373467660
0.0006126359221525,Amp DC,.001,5.5,F,F,F,F,F,F,Front,F,Main,4.3938474655151,Volt DC,10,T,2W,F,F,16.442888980
0.000659997924231,Amp DC,.001,5.5,F,F,F,F,F,F,Front,F,Main,4.4946093559265,Volt DC,10,T,2W,F,F,16.512316800
0.0007075656321831,Amp DC,.001,5.5,F,F,F,F,F,F,Front,F,Main,4.5958237648010,Volt DC,10,T,2W,F,F,16.581739740
0.0007550193113275,Amp DC,.001,5.5,F,F,F,F,F,F,Front,F,Main,4.6965961456299,Volt DC,10,T,2W,F,F,16.651151620
0.000802697846666,Amp DC,.001,5.5,F,F,F,F,F,F,Front,F,Main,4.7977504730225,Volt DC,10,T,2W,F,F,16.720566840
0.0008503859280609,Amp DC,.001,5.5,F,F,F,F,F,F,Front,F,Main,4.8988294601440,Volt DC,10,T,2W,F,F,16.789986680
0.0008980076527223,Amp DC,.001,5.5,F,F,F,F,F,F,Front,F,Main,4.9996457099915,Volt DC,10,T,2W,F,F,16.859424100
0.0008504061843269,Amp DC,.001,5.5,F,F,F,F,F,F,Front,F,Main,4.8988275527954,Volt DC,10,T,2W,F,F,16.928849880
0.0008027259609662,Amp DC,.001,5.5,F,F,F,F,F,F,Front,F,Main,4.7977442741394,Volt DC,10,T,2W,F,F,16.998266300
0.0007550778682344,Amp DC,.001,5.5,F,F,F,F,F,F,Front,F,Main,4.6966109275818,Volt DC,10,T,2W,F,F,17.067667580
0.0007076454348862,Amp DC,.001,5.5,F,F,F,F,F,F,Front,F,Main,4.5958223342896,Volt DC,10,T,2W,F,F,17.137091740
0.0006600494962186,Amp DC,.001,5.5,F,F,F,F,F,F,Front,F,Main,4.4946079254150,Volt DC,10,T,2W,F,F,17.206508020
0.0006126995431259,Amp DC,.001,5.5,F,F,F,F,F,F,Front,F,Main,4.3938522338867,Volt DC,10,T,2W,F,F,17.275926100
0.0005652878899127,Amp DC,.001,5.5,F,F,F,F,F,F,Front,F,Main,4.2927088737488,Volt DC,10,T,2W,F,F,17.345334980
0.0005181144806556,Amp DC,.001,5.5,F,F,F,F,F,F,Front,F,Main,4.1918983459473,Volt DC,10,T,2W,F,F,17.414776380
0.0004708772466984,Amp DC,.001,5.5,F,F,F,F,F,F,Front,F,Main,4.0907645225525,Volt DC,10,T,2W,F,F,17.484190800
0.0004239331465214,Amp DC,.001,5.5,F,F,F,F,F,F,Front,F,Main,3.9899971485138,Volt DC,10,T,2W,F,F,17.553601980
0.000376952404622,Amp DC,.001,5.5,F,F,F,F,F,F,Front,F,Main,3.8888068199158,Volt DC,10,T,2W,F,F,17.623015180
0.0003303007397335,Amp DC,.001,5.5,F,F,F,F,F,F,Front,F,Main,3.7879788875580,Volt DC,10,T,2W,F,F,17.692432380
0.0002837936917786,Amp DC,.001,5.5,F,F,F,F,F,F,Front,F,Main,3.6869120597839,Volt DC,10,T,2W,F,F,17.761861820
0.000237598476815,Amp DC,.001,5.5,F,F,F,F,F,F,Front,F,Main,3.5857715606689,Volt DC,10,T,2W,F,F,17.831295800
0.0001919590577018,Amp DC,.001,5.5,F,F,F,F,F,F,Front,F,Main,3.4849581718445,Volt DC,10,T,2W,F,F,17.900733460
0.0001468638365623,Amp DC,.001,5.5,F,F,F,F,F,F,Front,F,Main,3.3838293552399,Volt DC,10,T,2W,F,F,17.970134980
0.0001030139974318,Amp DC,.001,5.5,F,F,F,F,F,F,Front,F,Main,3.2830107212067,Volt DC,10,T,2W,F,F,18.039561760
6.097133154981e-05,Amp DC,.0001,5.5,F,F,F,F,F,F,Front,F,Main,3.1816711425781,Volt DC,10,T,2W,F,F,18.253939460
2.446876351314e-05,Amp DC,.0001,5.5,F,F,F,F,F,F,Front,F,Main,3.0809872150421,Volt DC,10,T,2W,F,F,18.323403620
3.188001755916e-06,Amp DC,.00001,5.5,F,F,F,F,F,F,Front,F,Main,2.9798569679260,Volt DC,10,T,2W,F,F,18.541774000
3.592290056531e-07,Amp DC,.000001,5.5,F,F,F,F,F,F,Front,F,Main,2.8790004253387,Volt DC,10,T,2W,F,F,18.764152920
2.693419389743e-07,Amp DC,.000001,5.5,F,F,F,F,F,F,Front,F,Main,2.7778363227844,Volt DC,10,T,2W,F,F,18.848314120
2.546373991663e-07,Amp DC,.000001,5.5,F,F,F,F,F,F,Front,F,Main,2.6770739555359,Volt DC,10,T,2W,F,F,18.932460080
2.431068253372e-07,Amp DC,.000001,5.5,F,F,F,F,F,F,Front,F,Main,2.5759267807007,Volt DC,10,T,2W,F,F,19.016608020
2.322572072444e-07,Amp DC,.000001,5.5,F,F,F,F,F,F,Front,F,Main,2.4745023250580,Volt DC,10,T,2W,F,F,19.100749240
2.218994694658e-07,Amp DC,.000001,5.5,F,F,F,F,F,F,Front,F,Main,2.3733432292938,Volt DC,10,T,2W,F,F,19.184890740
2.11729954458e-07,Amp DC,.000001,5.5,F,F,F,F,F,F,Front,F,Main,2.2725329399109,Volt DC,10,T,2W,F,F,19.269043180
2.015580804482e-07,Amp DC,.000001,5.5,F,F,F,F,F,F,Front,F,Main,2.1713778972626,Volt DC,10,T,2W,F,F,19.353173680
1.914897893585e-07,Amp DC,.000001,5.5,F,F,F,F,F,F,Front,F,Main,2.0705757141113,Volt DC,10,T,2W,F,F,19.437313800
1.812217078623e-07,Amp DC,.000001,5.5,F,F,F,F,F,F,Front,F,Main,1.9694432020187,Volt DC,10,T,2W,F,F,19.521464820
1.712231210149e-07,Amp DC,.000001,5.5,F,F,F,F,F,F,Front,F,Main,1.8686146736145,Volt DC,10,T,2W,F,F,19.605611220
1.610101350025e-07,Amp DC,.000001,5.5,F,F,F,F,F,F,Front,F,Main,1.7674137353897,Volt DC,10,T,2W,F,F,19.689758180
1.510102123348e-07,Amp DC,.000001,5.5,F,F,F,F,F,F,Front,F,Main,1.6666263341904,Volt DC,10,T,2W,F,F,19.773905440
1.408033654116e-07,Amp DC,.000001,5.5,F,F,F,F,F,F,Front,F,Main,1.5654630661011,Volt DC,10,T,2W,F,F,19.858063300
1.30728309955e-07,Amp DC,.000001,5.5,F,F,F,F,F,F,Front,F,Main,1.4643266201019,Volt DC,10,T,2W,F,F,19.942231240
1.206957591648e-07,Amp DC,.000001,5.5,F,F,F,F,F,F,Front,F,Main,1.3635019063950,Volt DC,10,T,2W,F,F,20.026372100
1.105565274884e-07,Amp DC,.000001,5.5,F,F,F,F,F,F,Front,F,Main,1.2623586654663,Volt DC,10,T,2W,F,F,20.110515240
1.004894656376e-07,Amp DC,.000001,5.5,F,F,F,F,F,F,Front,F,Main,1.1614880561829,Volt DC,10,T,2W,F,F,20.194670140
1.060136440856e-07,Amp DC,.000001,5.5,F,F,F,F,F,F,Front,F,Main,1.0603497028351,Volt DC,10,T,2W,F,F,20.766786960
9.288530833373e-08,Amp DC,.0000001,5.5,F,F,F,F,F,F,Front,F,Main,0.9486158490181,Volt DC,10,T,2W,F,F,21.041408240
8.123325301312e-08,Amp DC,.0000001,5.5,F,F,F,F,F,F,Front,F,Main,0.8581875562668,Volt DC,10,T,2W,F,F,21.422952560
7.07448108983e-08,Amp DC,.0000001,5.5,F,F,F,F,F,F,Front,F,Main,0.7573663592339,Volt DC,10,T,2W,F,F,21.804471520
6.06645542689e-08,Amp DC,.0000001,5.5,F,F,F,F,F,F,Front,F,Main,0.6562319397926,Volt DC,10,T,2W,F,F,22.185960080
5.049086126974e-08,Amp DC,.0000001,5.5,F,F,F,F,F,F,Front,F,Main,0.5551182031631,Volt DC,10,T,2W,F,F,22.567446480
4.049410051721e-08,Amp DC,.0000001,5.5,F,F,F,F,F,F,Front,F,Main,0.4542690217495,Volt DC,10,T,2W,F,F,22.948942520
3.04925933392e-08,Amp DC,.0000001,5.5,F,F,F,F,F,F,Front,F,Main,0.3531768620014,Volt DC,10,T,2W,F,F,23.330444620
2.029106838108e-08,Amp DC,.0000001,5.5,F,F,F,F,F,F,Front,F,Main,0.2524159848690,Volt DC,10,T,2W,F,F,23.711956880
1.017542849979e-08,Amp DC,.0000001,5.5,F,F,F,F,F,F,Front,F,Main,0.1512418389320,Volt DC,10,T,2W,F,F,24.093474440
1.279735872828e-09,Amp DC,.00000001,5.5,F,F,F,F,F,F,Front,F,Main,0.0361986793578,Volt DC,10,T,2W,F,F,24.597343560
-5.436168404316e-09,Amp DC,.0000001,5.5,F,F,F,F,F,F,Front,F,Main,-0.0500960946083,Volt DC,10,T,2W,F,F,25.318200220
-1.987184639063e-08,Amp DC,.0000001,5.5,F,F,F,F,F,F,Front,F,Main,-0.1512715071440,Volt DC,10,T,2W,F,F,25.699733340
-3.005967741387e-08,Amp DC,.0000001,5.5,F,F,F,F,F,F,Front,F,Main,-0.2521638274193,Volt DC,10,T,2W,F,F,26.081232300
-4.020699151397e-08,Amp DC,.0000001,5.5,F,F,F,F,F,F,Front,F,Main,-0.3532691001892,Volt DC,10,T,2W,F,F,26.462744220
-5.026039673339e-08,Amp DC,.0000001,5.5,F,F,F,F,F,F,Front,F,Main,-0.4540680944920,Volt DC,10,T,2W,F,F,26.844244680
-6.041783962019e-08,Amp DC,.0000001,5.5,F,F,F,F,F,F,Front,F,Main,-0.5552329421043,Volt DC,10,T,2W,F,F,27.225766440
-7.048410566313e-08,Amp DC,.0000001,5.5,F,F,F,F,F,F,Front,F,Main,-0.6560510396957,Volt DC,10,T,2W,F,F,27.607281980
-8.06307127732e-08,Amp DC,.0000001,5.5,F,F,F,F,F,F,Front,F,Main,-0.7571972608566,Volt DC,10,T,2W,F,F,27.988792340
-9.007850110265e-08,Amp DC,.0000001,5.5,F,F,F,F,F,F,Front,F,Main,-0.8552215695381,Volt DC,10,T,2W,F,F,28.370296160
-9.720795191015e-08,Amp DC,.0000001,5.5,F,F,F,F,F,F,Front,F,Main,-0.9375097751617,Volt DC,10,T,2W,F,F,28.751813940
-1.076556443991e-07,Amp DC,.000001,5.5,F,F,F,F,F,F,Front,F,Main,-1.0600523948669,Volt DC,10,T,2W,F,F,29.430872040
-1.257094481844e-07,Amp DC,.000001,5.5,F,F,F,F,F,F,Front,F,Main,-1.1612029075623,Volt DC,10,T,2W,F,F,29.515050220
-1.391839674625e-07,Amp DC,.000001,5.5,F,F,F,F,F,F,Front,F,Main,-1.2620579004288,Volt DC,10,T,2W,F,F,29.599199760
-1.508591083166e-07,Amp DC,.000001,5.5,F,F,F,F,F,F,Front,F,Main,-1.3632513284683,Volt DC,10,T,2W,F,F,29.683323940
-1.616134852611e-07,Amp DC,.000001,5.5,F,F,F,F,F,F,Front,F,Main,-1.4644060134888,Volt DC,10,T,2W,F,F,29.767482300
-1.721186038139e-07,Amp DC,.000001,5.5,F,F,F,F,F,F,Front,F,Main,-1.5652183294296,Volt DC,10,T,2W,F,F,29.851619160
-1.823537587597e-07,Amp DC,.000001,5.5,F,F,F,F,F,F,Front,F,Main,-1.6664035320282,Volt DC,10,T,2W,F,F,29.935770160
-1.924032346778e-07,Amp DC,.000001,5.5,F,F,F,F,F,F,Front,F,Main,-1.7671774625778,Volt DC,10,T,2W,F,F,30.019924200
-2.025581693488e-07,Amp DC,.000001,5.5,F,F,F,F,F,F,Front,F,Main,-1.8683791160583,Volt DC,10,T,2W,F,F,30.104074280
-2.127151503828e-07,Amp DC,.000001,5.5,F,F,F,F,F,F,Front,F,Main,-1.9692234992981,Volt DC,10,T,2W,F,F,30.188199440
-2.228092057521e-07,Amp DC,.000001,5.5,F,F,F,F,F,F,Front,F,Main,-2.0703709125519,Volt DC,10,T,2W,F,F,30.272351240
-2.329776691568e-07,Amp DC,.000001,5.5,F,F,F,F,F,F,Front,F,Main,-2.1711566448212,Volt DC,10,T,2W,F,F,30.356515420
-2.430797962916e-07,Amp DC,.000001,5.5,F,F,F,F,F,F,Front,F,Main,-2.2723278999329,Volt DC,10,T,2W,F,F,30.440666580
-2.530643143928e-07,Amp DC,.000001,5.5,F,F,F,F,F,F,Front,F,Main,-2.3731436729431,Volt DC,10,T,2W,F,F,30.524829320
-2.632658322455e-07,Amp DC,.000001,5.5,F,F,F,F,F,F,Front,F,Main,-2.4743075370789,Volt DC,10,T,2W,F,F,30.608962300
-2.734624047207e-07,Amp DC,.000001,5.5,F,F,F,F,F,F,Front,F,Main,-2.5757458209991,Volt DC,10,T,2W,F,F,30.693113440
-2.84932610839e-07,Amp DC,.000001,5.5,F,F,F,F,F,F,Front,F,Main,-2.6765682697296,Volt DC,10,T,2W,F,F,30.777250600
-3.658786056349e-07,Amp DC,.000001,5.5,F,F,F,F,F,F,Front,F,Main,-2.7776834964752,Volt DC,10,T,2W,F,F,30.861375620
-2.968607532239e-06,Amp DC,.00001,5.5,F,F,F,F,F,F,Front,F,Main,-2.8788511753082,Volt DC,10,T,2W,F,F,31.234538360
-2.078677789541e-05,Amp DC,.0001,5.5,F,F,F,F,F,F,Front,F,Main,-2.9797322750092,Volt DC,10,T,2W,F,F,31.588314640
-5.245418287814e-05,Amp DC,.0001,5.5,F,F,F,F,F,F,Front,F,Main,-3.0808174610138,Volt DC,10,T,2W,F,F,31.657782560
-9.044284524862e-05,Amp DC,.0001,5.5,F,F,F,F,F,F,Front,F,Main,-3.1815409660339,Volt DC,10,T,2W,F,F,31.727211840
-0.0001321911986452,Amp DC,.001,5.5,F,F,F,F,F,F,Front,F,Main,-3.2828679084778,Volt DC,10,T,2W,F,F,32.076916100
-0.0001754937693477,Amp DC,.001,5.5,F,F,F,F,F,F,Front,F,Main,-3.3836832046509,Volt DC,10,T,2W,F,F,32.146380200
-0.0002200941671617,Amp DC,.001,5.5,F,F,F,F,F,F,Front,F,Main,-3.4848430156708,Volt DC,10,T,2W,F,F,32.215819460
-0.0002653124684002,Amp DC,.001,5.5,F,F,F,F,F,F,Front,F,Main,-3.5856842994690,Volt DC,10,T,2W,F,F,32.285255340
-0.0003112110716756,Amp DC,.001,5.5,F,F,F,F,F,F,Front,F,Main,-3.6868448257446,Volt DC,10,T,2W,F,F,32.354671120
-0.0003572960849851,Amp DC,.001,5.5,F,F,F,F,F,F,Front,F,Main,-3.7875983715057,Volt DC,10,T,2W,F,F,32.424099480
-0.0004038500774186,Amp DC,.001,5.5,F,F,F,F,F,F,Front,F,Main,-3.8887288570404,Volt DC,10,T,2W,F,F,32.493509160
-0.0004504896060098,Amp DC,.001,5.5,F,F,F,F,F,F,Front,F,Main,-3.9895882606506,Volt DC,10,T,2W,F,F,32.562937360
-0.000497457687743,Amp DC,.001,5.5,F,F,F,F,F,F,Front,F,Main,-4.0907254219055,Volt DC,10,T,2W,F,F,32.632352580
-0.0005444197449833,Amp DC,.001,5.5,F,F,F,F,F,F,Front,F,Main,-4.1915721893311,Volt DC,10,T,2W,F,F,32.701790520
-0.0005916427471675,Amp DC,.001,5.5,F,F,F,F,F,F,Front,F,Main,-4.2927021980286,Volt DC,10,T,2W,F,F,32.771212120
-0.0006389894406311,Amp DC,.001,5.5,F,F,F,F,F,F,Front,F,Main,-4.3938636779785,Volt DC,10,T,2W,F,F,32.840638760
-0.0006862302543595,Amp DC,.001,5.5,F,F,F,F,F,F,Front,F,Main,-4.4946389198303,Volt DC,10,T,2W,F,F,32.910049860
-0.0007337607676163,Amp DC,.001,5.5,F,F,F,F,F,F,Front,F,Main,-4.5958428382874,Volt DC,10,T,2W,F,F,32.979470920
-0.0007811700925231,Amp DC,.001,5.5,F,F,F,F,F,F,Front,F,Main,-4.6966681480408,Volt DC,10,T,2W,F,F,33.048908820
-0.0008287805248983,Amp DC,.001,5.5,F,F,F,F,F,F,Front,F,Main,-4.7977972030640,Volt DC,10,T,2W,F,F,33.118347520
-0.0008762791403569,Amp DC,.001,5.5,F,F,F,F,F,F,Front,F,Main,-4.8986053466797,Volt DC,10,T,2W,F,F,33.187790720
-0.0009240069775842,Amp DC,.001,5.5,F,F,F,F,F,F,Front,F,Main,-4.9997563362122,Volt DC,10,T,2W,F,F,33.257214660
-0.0009240131475963,Amp DC,.001,5.5,F,F,F,F,F,F,Front,F,Main,-4.9997544288635,Volt DC,10,T,2W,F,F,33.326670680
-0.0008763125515543,Amp DC,.001,5.5,F,F,F,F,F,F,Front,F,Main,-4.8985896110535,Volt DC,10,T,2W,F,F,33.396119800
-0.000828834832646,Amp DC,.001,5.5,F,F,F,F,F,F,Front,F,Main,-4.7977967262268,Volt DC,10,T,2W,F,F,33.465556580
-0.0007812354597263,Amp DC,.001,5.5,F,F,F,F,F,F,Front,F,Main,-4.6966710090637,Volt DC,10,T,2W,F,F,33.535000700
-0.0007338291034102,Amp DC,.001,5.5,F,F,F,F,F,F,Front,F,Main,-4.5958390235901,Volt DC,10,T,2W,F,F,33.604431780
-0.0006863173330203,Amp DC,.001,5.5,F,F,F,F,F,F,Front,F,Main,-4.4946393966675,Volt DC,10,T,2W,F,F,33.673845520
-0.0006390801281668,Amp DC,.001,5.5,F,F,F,F,F,F,Front,F,Main,-4.3938593864441,Volt DC,10,T,2W,F,F,33.743273980
-0.0005917460657656,Amp DC,.001,5.5,F,F,F,F,F,F,Front,F,Main,-4.2926874160767,Volt DC,10,T,2W,F,F,33.812707780
-0.0005445289425552,Amp DC,.001,5.5,F,F,F,F,F,F,Front,F,Main,-4.1915593147278,Volt DC,10,T,2W,F,F,33.882138180
-0.0004975716583431,Amp DC,.001,5.5,F,F,F,F,F,F,Front,F,Main,-4.0907316207886,Volt DC,10,T,2W,F,F,33.951572980
-0.0004506095137913,Amp DC,.001,5.5,F,F,F,F,F,F,Front,F,Main,-3.9895784854889,Volt DC,10,T,2W,F,F,34.021005960
-0.000403965357691,Amp DC,.001,5.5,F,F,F,F,F,F,Front,F,Main,-3.8887252807617,Volt DC,10,T,2W,F,F,34.090418740
-0.0003574008878786,Amp DC,.001,5.5,F,F,F,F,F,F,Front,F,Main,-3.7876026630402,Volt DC,10,T,2W,F,F,34.159837960
-0.0003113135171589,Amp DC,.001,5.5,F,F,F,F,F,F,Front,F,Main,-3.6868348121643,Volt DC,10,T,2W,F,F,34.229261720
-0.0002654135460034,Amp DC,.001,5.5,F,F,F,F,F,F,Front,F,Main,-3.5856859683990,Volt DC,10,T,2W,F,F,34.298701340
-0.0002201776660513,Amp DC,.001,5.5,F,F,F,F,F,F,Front,F,Main,-3.4848392009735,Volt DC,10,T,2W,F,F,34.368121020
-0.000175561697688,Amp DC,.001,5.5,F,F,F,F,F,F,Front,F,Main,-3.3836758136749,Volt DC,10,T,2W,F,F,34.437539040
-0.0001322592288489,Amp DC,.001,5.5,F,F,F,F,F,F,Front,F,Main,-3.2828667163849,Volt DC,10,T,2W,F,F,34.506948340
-9.058435534826e-05,Amp DC,.0001,5.5,F,F,F,F,F,F,Front,F,Main,-3.1815395355225,Volt DC,10,T,2W,F,F,34.721339040
-5.263896309771e-05,Amp DC,.0001,5.5,F,F,F,F,F,F,Front,F,Main,-3.0808103084564,Volt DC,10,T,2W,F,F,34.790783620
-2.084756124532e-05,Amp DC,.0001,5.5,F,F,F,F,F,F,Front,F,Main,-2.9797251224518,Volt DC,10,T,2W,F,F,34.860223840
-2.964620080093e-06,Amp DC,.00001,5.5,F,F,F,F,F,F,Front,F,Main,-2.8788442611694,Volt DC,10,T,2W,F,F,35.078595020
-3.484537955956e-07,Amp DC,.000001,5.5,F,F,F,F,F,F,Front,F,Main,-2.7776768207550,Volt DC,10,T,2W,F,F,35.300992160
-2.59237708633e-07,Amp DC,.000001,5.5,F,F,F,F,F,F,Front,F,Main,-2.6765480041504,Volt DC,10,T,2W,F,F,35.385153400
-2.445547409025e-07,Amp DC,.000001,5.5,F,F,F,F,F,F,Front,F,Main,-2.5757324695587,Volt DC,10,T,2W,F,F,35.469315540
-2.328555268605e-07,Amp DC,.000001,5.5,F,F,F,F,F,F,Front,F,Main,-2.4742980003357,Volt DC,10,T,2W,F,F,35.553451340
-2.22138410777e-07,Amp DC,.000001,5.5,F,F,F,F,F,F,Front,F,Main,-2.3731276988983,Volt DC,10,T,2W,F,F,35.637609580
-2.118291888564e-07,Amp DC,.000001,5.5,F,F,F,F,F,F,Front,F,Main,-2.2723078727722,Volt DC,10,T,2W,F,F,35.721751260
-2.015668343347e-07,Amp DC,.000001,5.5,F,F,F,F,F,F,Front,F,Main,-2.1711413860321,Volt DC,10,T,2W,F,F,35.805901580
-1.914557685723e-07,Amp DC,.000001,5.5,F,F,F,F,F,F,Front,F,Main,-2.0703570842743,Volt DC,10,T,2W,F,F,35.890030620
-1.812720853422e-07,Amp DC,.000001,5.5,F,F,F,F,F,F,Front,F,Main,-1.9692119359970,Volt DC,10,T,2W,F,F,35.974166380
-1.712142250199e-07,Amp DC,.000001,5.5,F,F,F,F,F,F,Front,F,Main,-1.8683693408966,Volt DC,10,T,2W,F,F,36.058339780
-1.610348476788e-07,Amp DC,.000001,5.5,F,F,F,F,F,F,Front,F,Main,-1.7671606540680,Volt DC,10,T,2W,F,F,36.142504320
-1.509926477183e-07,Amp DC,.000001,5.5,F,F,F,F,F,F,Front,F,Main,-1.6663880348206,Volt DC,10,T,2W,F,F,36.226666660
-1.407616281313e-07,Amp DC,.000001,5.5,F,F,F,F,F,F,Front,F,Main,-1.5652015209198,Volt DC,10,T,2W,F,F,36.310798320
-1.307623307412e-07,Amp DC,.000001,5.5,F,F,F,F,F,F,Front,F,Main,-1.4643914699554,Volt DC,10,T,2W,F,F,36.394929320
-1.205649198255e-07,Amp DC,.000001,5.5,F,F,F,F,F,F,Front,F,Main,-1.3632262945175,Volt DC,10,T,2W,F,F,36.479077440
-1.104601565771e-07,Amp DC,.000001,5.5,F,F,F,F,F,F,Front,F,Main,-1.2620438337326,Volt DC,10,T,2W,F,F,36.563214240
-1.003855345516e-07,Amp DC,.000001,5.5,F,F,F,F,F,F,Front,F,Main,-1.1611903905869,Volt DC,10,T,2W,F,F,36.647356840
-9.855081373189e-08,Amp DC,.0000001,5.5,F,F,F,F,F,F,Front,F,Main,-1.0280307531357,Volt DC,10,T,2W,F,F,36.921974140
-9.180099880268e-08,Amp DC,.0000001,5.5,F,F,F,F,F,F,Front,F,Main,-0.9523594379425,Volt DC,10,T,2W,F,F,37.303529220
-8.100246162712e-08,Amp DC,.0000001,5.5,F,F,F,F,F,F,Front,F,Main,-0.8578860163689,Volt DC,10,T,2W,F,F,37.685041260
-7.073635543975e-08,Amp DC,.0000001,5.5,F,F,F,F,F,F,Front,F,Main,-0.7570796012878,Volt DC,10,T,2W,F,F,38.066553620
-6.060673030106e-08,Amp DC,.0000001,5.5,F,F,F,F,F,F,Front,F,Main,-0.6559420824051,Volt DC,10,T,2W,F,F,38.448072600
-5.055805019083e-08,Amp DC,.0000001,5.5,F,F,F,F,F,F,Front,F,Main,-0.5550987124443,Volt DC,10,T,2W,F,F,38.829577880
-4.042219003964e-08,Amp DC,.0000001,5.5,F,F,F,F,F,F,Front,F,Main,-0.4539532065392,Volt DC,10,T,2W,F,F,39.211090560
-3.039546214723e-08,Amp DC,.0000001,5.5,F,F,F,F,F,F,Front,F,Main,-0.3531502485275,Volt DC,10,T,2W,F,F,39.592597660
-2.02437906438e-08,Amp DC,.0000001,5.5,F,F,F,F,F,F,Front,F,Main,-0.2520450651646,Volt DC,10,T,2W,F,F,39.974106540
-1.020656359429e-08,Amp DC,.0000001,5.5,F,F,F,F,F,F,Front,F,Main,-0.1511664539576,Volt DC,10,T,2W,F,F,40.355608700
-1.792870740758e-09,Amp DC,.00000001,5.5,F,F,F,F,F,F,Front,F,Main,-0.0395833253860,Volt DC,10,T,2W,F,F,40.859452160
5.078867992836e-09,Amp DC,.0000001,5.5,F,F,F,F,F,F,Front,F,Main,0.0505041740835,Volt DC,10,T,2W,F,F,41.580353800
1.98593728129e-08,Amp DC,.0000001,5.5,F,F,F,F,F,F,Front,F,Main,0.1513468325138,Volt DC,10,T,2W,F,F,41.961872380
3.017814265149e-08,Amp DC,.0000001,5.5,F,F,F,F,F,F,Front,F,Main,0.2525276243687,Volt DC,10,T,2W,F,F,42.343361080
4.024978039752e-08,Amp DC,.0000001,5.5,F,F,F,F,F,F,Front,F,Main,0.3532828986645,Volt DC,10,T,2W,F,F,42.724862900
5.038679518066e-08,Amp DC,.0000001,5.5,F,F,F,F,F,F,Front,F,Main,0.4543848335743,Volt DC,10,T,2W,F,F,43.106362380
6.044277967021e-08,Amp DC,.0000001,5.5,F,F,F,F,F,F,Front,F,Main,0.5552186965942,Volt DC,10,T,2W,F,F,43.487861500
7.061115070428e-08,Amp DC,.0000001,5.5,F,F,F,F,F,F,Front,F,Main,0.6563544869423,Volt DC,10,T,2W,F,F,43.869361420
8.072983348484e-08,Amp DC,.0000001,5.5,F,F,F,F,F,F,Front,F,Main,0.7574824690819,Volt DC,10,T,2W,F,F,44.250869280
8.975701604186e-08,Amp DC,.0000001,5.5,F,F,F,F,F,F,Front,F,Main,0.8533819317818,Volt DC,10,T,2W,F,F,44.632367200
9.708078607673e-08,Amp DC,.0000001,5.5,F,F,F,F,F,F,Front,F,Main,0.9359577894211,Volt DC,10,T,2W,F,F,45.013865180
1.027559548561e-07,Amp DC,.0000001,5.5,F,F,F,F,F,F,Front,F,Main,1.0019792318344,Volt DC,10,T,2W,F,F,45.395378980
1.178570627758e-07,Amp DC,.000001,5.5,F,F,F,F,F,F,Front,F,Main,1.1614874601364,Volt DC,10,T,2W,F,F,46.074440280
1.357858536721e-07,Amp DC,.000001,5.5,F,F,F,F,F,F,Front,F,Main,1.2623571157455,Volt DC,10,T,2W,F,F,46.158611720
1.493945092079e-07,Amp DC,.000001,5.5,F,F,F,F,F,F,Front,F,Main,1.3635154962540,Volt DC,10,T,2W,F,F,46.242772900
1.609457456198e-07,Amp DC,.000001,5.5,F,F,F,F,F,F,Front,F,Main,1.4643405675888,Volt DC,10,T,2W,F,F,46.326929540
1.717766338061e-07,Amp DC,.000001,5.5,F,F,F,F,F,F,Front,F,Main,1.5654753446579,Volt DC,10,T,2W,F,F,46.411064980
1.82205255328e-07,Amp DC,.000001,5.5,F,F,F,F,F,F,Front,F,Main,1.6666376590729,Volt DC,10,T,2W,F,F,46.495222740
1.923795878156e-07,Amp DC,.000001,5.5,F,F,F,F,F,F,Front,F,Main,1.7674200534821,Volt DC,10,T,2W,F,F,46.579386280
2.026062162486e-07,Amp DC,.000001,5.5,F,F,F,F,F,F,Front,F,Main,1.8686124086380,Volt DC,10,T,2W,F,F,46.663533300
2.126853502205e-07,Amp DC,.000001,5.5,F,F,F,F,F,F,Front,F,Main,1.9694495201111,Volt DC,10,T,2W,F,F,46.747666360
2.228348847666e-07,Amp DC,.000001,5.5,F,F,F,F,F,F,Front,F,Main,2.0705771446228,Volt DC,10,T,2W,F,F,46.831792860
2.329192199113e-07,Amp DC,.000001,5.5,F,F,F,F,F,F,Front,F,Main,2.1713778972626,Volt DC,10,T,2W,F,F,46.915953200
2.430826668842e-07,Amp DC,.000001,5.5,F,F,F,F,F,F,Front,F,Main,2.2725346088409,Volt DC,10,T,2W,F,F,47.000102440
2.531251652726e-07,Amp DC,.000001,5.5,F,F,F,F,F,F,Front,F,Main,2.3733465671539,Volt DC,10,T,2W,F,F,47.084242580
2.632954760884e-07,Amp DC,.000001,5.5,F,F,F,F,F,F,Front,F,Main,2.4745013713837,Volt DC,10,T,2W,F,F,47.168396840
2.734782640346e-07,Amp DC,.000001,5.5,F,F,F,F,F,F,Front,F,Main,2.5759365558624,Volt DC,10,T,2W,F,F,47.252541620
2.836051464783e-07,Amp DC,.000001,5.5,F,F,F,F,F,F,Front,F,Main,2.6770806312561,Volt DC,10,T,2W,F,F,47.336667540
2.950504551791e-07,Amp DC,.000001,5.5,F,F,F,F,F,F,Front,F,Main,2.7778415679932,Volt DC,10,T,2W,F,F,47.420809900
3.766959935092e-07,Amp DC,.000001,5.5,F,F,F,F,F,F,Front,F,Main,2.8790013790131,Volt DC,10,T,2W,F,F,47.504959040
3.186122057741e-06,Amp DC,.00001,5.5,F,F,F,F,F,F,Front,F,Main,2.9798605442047,Volt DC,10,T,2W,F,F,47.878115420
2.43369868258e-05,Amp DC,.0001,5.5,F,F,F,F,F,F,Front,F,Main,3.0809857845306,Volt DC,10,T,2W,F,F,48.231879020
6.077449506847e-05,Amp DC,.0001,5.5,F,F,F,F,F,F,Front,F,Main,3.1816704273224,Volt DC,10,T,2W,F,F,48.301339000
0.0001025805613608,Amp DC,.0001,5.5,F,F,F,F,F,F,Front,F,Main,3.2827169895172,Volt DC,10,T,2W,F,F,48.370757460
0.0001467816036893,Amp DC,.001,5.5,F,F,F,F,F,F,Front,F,Main,3.3838291168213,Volt DC,10,T,2W,F,F,48.720463580
0.0001918550697155,Amp DC,.001,5.5,F,F,F,F,F,F,Front,F,Main,3.4849650859833,Volt DC,10,T,2W,F,F,48.789920060
0.0002374722680543,Amp DC,.001,5.5,F,F,F,F,F,F,Front,F,Main,3.5857799053192,Volt DC,10,T,2W,F,F,48.859357840
0.0002837136562448,Amp DC,.001,5.5,F,F,F,F,F,F,Front,F,Main,3.6869208812714,Volt DC,10,T,2W,F,F,48.928780640
0.0003301943652332,Amp DC,.001,5.5,F,F,F,F,F,F,Front,F,Main,3.7879865169525,Volt DC,10,T,2W,F,F,48.998212040
0.0003768007445615,Amp DC,.001,5.5,F,F,F,F,F,F,Front,F,Main,3.8888096809387,Volt DC,10,T,2W,F,F,49.067616620
0.0004238417022862,Amp DC,.001,5.5,F,F,F,F,F,F,Front,F,Main,3.9899890422821,Volt DC,10,T,2W,F,F,49.137021280
0.000470739294542,Amp DC,.001,5.5,F,F,F,F,F,F,Front,F,Main,4.0907578468323,Volt DC,10,T,2W,F,F,49.206426740
0.0005180009757169,Amp DC,.001,5.5,F,F,F,F,F,F,Front,F,Main,4.1918988227844,Volt DC,10,T,2W,F,F,49.275842200
0.0005652065738104,Amp DC,.001,5.5,F,F,F,F,F,F,Front,F,Main,4.2927007675171,Volt DC,10,T,2W,F,F,49.345271880
0.0006126218941063,Amp DC,.001,5.5,F,F,F,F,F,F,Front,F,Main,4.3938512802124,Volt DC,10,T,2W,F,F,49.414698720
0.0006599676562473,Amp DC,.001,5.5,F,F,F,F,F,F,Front,F,Main,4.4946169853210,Volt DC,10,T,2W,F,F,49.484111280
0.0007075273897499,Amp DC,.001,5.5,F,F,F,F,F,F,Front,F,Main,4.5958166122437,Volt DC,10,T,2W,F,F,49.553529000
0.0007550103473477,Amp DC,.001,5.5,F,F,F,F,F,F,Front,F,Main,4.6966037750244,Volt DC,10,T,2W,F,F,49.622926160
0.0008027259609662,Amp DC,.001,5.5,F,F,F,F,F,F,Front,F,Main,4.7977366447449,Volt DC,10,T,2W,F,F,49.692327840
0.0008504146826454,Amp DC,.001,5.5,F,F,F,F,F,F,Front,F,Main,4.8988280296326,Volt DC,10,T,2W,F,F,49.761756180
0.0008979865233414,Amp DC,.001,5.5,F,F,F,F,F,F,Front,F,Main,4.9996480941772,Volt DC,10,T,2W,F,F,49.831182040
0.0008504076395184,Amp DC,.001,5.5,F,F,F,F,F,F,Front,F,Main,4.8988270759583,Volt DC,10,T,2W,F,F,49.900605780
0.0008027266012505,Amp DC,.001,5.5,F,F,F,F,F,F,Front,F,Main,4.7977471351624,Volt DC,10,T,2W,F,F,49.970015460
0.0007550925947726,Amp DC,.001,5.5,F,F,F,F,F,F,Front,F,Main,4.6966071128845,Volt DC,10,T,2W,F,F,50.039426480
0.0007076127221808,Amp DC,.001,5.5,F,F,F,F,F,F,Front,F,Main,4.5958194732666,Volt DC,10,T,2W,F,F,50.108843880
0.0006600020569749,Amp DC,.001,5.5,F,F,F,F,F,F,Front,F,Main,4.4946255683899,Volt DC,10,T,2W,F,F,50.178255880
0.0006127185188234,Amp DC,.001,5.5,F,F,F,F,F,F,Front,F,Main,4.3938503265381,Volt DC,10,T,2W,F,F,50.247676400
0.0005652531399392,Amp DC,.001,5.5,F,F,F,F,F,F,Front,F,Main,4.2927060127258,Volt DC,10,T,2W,F,F,50.317101180
0.0005180664011277,Amp DC,.001,5.5,F,F,F,F,F,F,Front,F,Main,4.1918959617615,Volt DC,10,T,2W,F,F,50.386522980
0.0004708800988737,Amp DC,.001,5.5,F,F,F,F,F,F,Front,F,Main,4.0907678604126,Volt DC,10,T,2W,F,F,50.455928000
0.0004239060508553,Amp DC,.001,5.5,F,F,F,F,F,F,Front,F,Main,3.9899916648865,Volt DC,10,T,2W,F,F,50.525354360
0.0003769059549086,Amp DC,.001,5.5,F,F,F,F,F,F,Front,F,Main,3.8887987136841,Volt DC,10,T,2W,F,F,50.594755500
0.0003303223638795,Amp DC,.001,5.5,F,F,F,F,F,F,Front,F,Main,3.7879796028137,Volt DC,10,T,2W,F,F,50.664163860
0.0002837737265509,Amp DC,.001,5.5,F,F,F,F,F,F,Front,F,Main,3.6869201660156,Volt DC,10,T,2W,F,F,50.733601000
0.0002375746698817,Amp DC,.001,5.5,F,F,F,F,F,F,Front,F,Main,3.5857796669006,Volt DC,10,T,2W,F,F,50.803030480
0.0001919319474837,Amp DC,.001,5.5,F,F,F,F,F,F,Front,F,Main,3.4849629402161,Volt DC,10,T,2W,F,F,50.872459400
0.0001468515838496,Amp DC,.001,5.5,F,F,F,F,F,F,Front,F,Main,3.3838376998901,Volt DC,10,T,2W,F,F,50.941869540
0.0001029861523421,Amp DC,.001,5.5,F,F,F,F,F,F,Front,F,Main,3.2830066680908,Volt DC,10,T,2W,F,F,51.011295520
6.097735240473e-05,Amp DC,.0001,5.5,F,F,F,F,F,F,Front,F,Main,3.1816651821136,Volt DC,10,T,2W,F,F,51.225669540
2.446586586302e-05,Amp DC,.0001,5.5,F,F,F,F,F,F,Front,F,Main,3.0809831619263,Volt DC,10,T,2W,F,F,51.295123080
3.192302528987e-06,Amp DC,.00001,5.5,F,F,F,F,F,F,Front,F,Main,2.9798569679260,Volt DC,10,T,2W,F,F,51.513532960
3.589341304178e-07,Amp DC,.000001,5.5,F,F,F,F,F,F,Front,F,Main,2.8789968490601,Volt DC,10,T,2W,F,F,51.735892420
2.694062573028e-07,Amp DC,.000001,5.5,F,F,F,F,F,F,Front,F,Main,2.7778365612030,Volt DC,10,T,2W,F,F,51.820067900
2.546832149619e-07,Amp DC,.000001,5.5,F,F,F,F,F,F,Front,F,Main,2.6770653724670,Volt DC,10,T,2W,F,F,51.904202500
2.43099805175e-07,Amp DC,.000001,5.5,F,F,F,F,F,F,Front,F,Main,2.5759294033051,Volt DC,10,T,2W,F,F,51.988345760
2.321750685041e-07,Amp DC,.000001,5.5,F,F,F,F,F,F,Front,F,Main,2.4744939804077,Volt DC,10,T,2W,F,F,52.072494400
2.218882428906e-07,Amp DC,.000001,5.5,F,F,F,F,F,F,Front,F,Main,2.3733303546906,Volt DC,10,T,2W,F,F,52.156629640
2.117307928984e-07,Amp DC,.000001,5.5,F,F,F,F,F,F,Front,F,Main,2.2725238800049,Volt DC,10,T,2W,F,F,52.240772720
2.014930799987e-07,Amp DC,.000001,5.5,F,F,F,F,F,F,Front,F,Main,2.1713693141937,Volt DC,10,T,2W,F,F,52.324916580
1.913608969062e-07,Amp DC,.000001,5.5,F,F,F,F,F,F,Front,F,Main,2.0705738067627,Volt DC,10,T,2W,F,F,52.409078960
1.81248339004e-07,Amp DC,.000001,5.5,F,F,F,F,F,F,Front,F,Main,1.9694451093674,Volt DC,10,T,2W,F,F,52.493210620
1.712382271535e-07,Amp DC,.000001,5.5,F,F,F,F,F,F,Front,F,Main,1.8686163425446,Volt DC,10,T,2W,F,F,52.577371220
1.610386988204e-07,Amp DC,.000001,5.5,F,F,F,F,F,F,Front,F,Main,1.7674081325531,Volt DC,10,T,2W,F,F,52.661513300
1.510127134452e-07,Amp DC,.000001,5.5,F,F,F,F,F,F,Front,F,Main,1.6666245460510,Volt DC,10,T,2W,F,F,52.745653860
1.408441789863e-07,Amp DC,.000001,5.5,F,F,F,F,F,F,Front,F,Main,1.5654559135437,Volt DC,10,T,2W,F,F,52.829801640
1.307680861373e-07,Amp DC,.000001,5.5,F,F,F,F,F,F,Front,F,Main,1.4643254280090,Volt DC,10,T,2W,F,F,52.913941880
1.207064173059e-07,Amp DC,.000001,5.5,F,F,F,F,F,F,Front,F,Main,1.3635061979294,Volt DC,10,T,2W,F,F,52.998105840
1.105315945438e-07,Amp DC,.000001,5.5,F,F,F,F,F,F,Front,F,Main,1.2623568773270,Volt DC,10,T,2W,F,F,53.082247540
1.004592817822e-07,Amp DC,.000001,5.5,F,F,F,F,F,F,Front,F,Main,1.1614795923233,Volt DC,10,T,2W,F,F,53.166399040
1.060265972797e-07,Amp DC,.000001,5.5,F,F,F,F,F,F,Front,F,Main,1.0603400468826,Volt DC,10,T,2W,F,F,53.738490940
9.277589185785e-08,Amp DC,.0000001,5.5,F,F,F,F,F,F,Front,F,Main,0.9481219649315,Volt DC,10,T,2W,F,F,54.013118420
8.12802056771e-08,Amp DC,.0000001,5.5,F,F,F,F,F,F,Front,F,Main,0.8581927418709,Volt DC,10,T,2W,F,F,54.394637160
7.073623464748e-08,Amp DC,.0000001,5.5,F,F,F,F,F,F,Front,F,Main,0.7573626041412,Volt DC,10,T,2W,F,F,54.776149360
6.061886637099e-08,Amp DC,.0000001,5.5,F,F,F,F,F,F,Front,F,Main,0.6562515497208,Volt DC,10,T,2W,F,F,55.157638860
5.053051310711e-08,Amp DC,.0000001,5.5,F,F,F,F,F,F,Front,F,Main,0.5551124215126,Volt DC,10,T,2W,F,F,55.539139880
4.050555446611e-08,Amp DC,.0000001,5.5,F,F,F,F,F,F,Front,F,Main,0.4542635679245,Volt DC,10,T,2W,F,F,55.920628160
3.035022544395e-08,Amp DC,.0000001,5.5,F,F,F,F,F,F,Front,F,Main,0.3531755208969,Volt DC,10,T,2W,F,F,56.302114140
2.031235091238e-08,Amp DC,.0000001,5.5,F,F,F,F,F,F,Front,F,Main,0.2524062097073,Volt DC,10,T,2W,F,F,56.683613360
1.019153561543e-08,Amp DC,.0000001,5.5,F,F,F,F,F,F,Front,F,Main,0.1512502878904,Volt DC,10,T,2W,F,F,57.065132560
1.267394300619e-09,Amp DC,.00000001,5.5,F,F,F,F,F,F,Front,F,Main,0.0362000614405,Volt DC,10,T,2W,F,F,57.568983120
-5.448248963091e-09,Amp DC,.0000001,5.5,F,F,F,F,F,F,Front,F,Main,-0.0500988177955,Volt DC,10,T,2W,F,F,58.289865700
-1.989702447247e-08,Amp DC,.0000001,5.5,F,F,F,F,F,F,Front,F,Main,-0.1512769460678,Volt DC,10,T,2W,F,F,58.671413840
-3.004348414493e-08,Amp DC,.0000001,5.5,F,F,F,F,F,F,Front,F,Main,-0.2521597146988,Volt DC,10,T,2W,F,F,59.052912060
-4.021448418712e-08,Amp DC,.0000001,5.5,F,F,F,F,F,F,Front,F,Main,-0.3532704412937,Volt DC,10,T,2W,F,F,59.434437380
-5.025918170531e-08,Amp DC,.0000001,5.5,F,F,F,F,F,F,Front,F,Main,-0.4540816843510,Volt DC,10,T,2W,F,F,59.815949800
-6.043102018793e-08,Amp DC,.0000001,5.5,F,F,F,F,F,F,Front,F,Main,-0.5552303195000,Volt DC,10,T,2W,F,F,60.197456580
-7.049403905057e-08,Amp DC,.0000001,5.5,F,F,F,F,F,F,Front,F,Main,-0.6560471653938,Volt DC,10,T,2W,F,F,60.578955380
-8.065544676583e-08,Amp DC,.0000001,5.5,F,F,F,F,F,F,Front,F,Main,-0.7571970820427,Volt DC,10,T,2W,F,F,60.960477680
-9.010436485823e-08,Amp DC,.0000001,5.5,F,F,F,F,F,F,Front,F,Main,-0.8552762269974,Volt DC,10,T,2W,F,F,61.341981940
-9.72122506937e-08,Amp DC,.0000001,5.5,F,F,F,F,F,F,Front,F,Main,-0.9377276897430,Volt DC,10,T,2W,F,F,61.723497360
-1.07466817667e-07,Amp DC,.000001,5.5,F,F,F,F,F,F,Front,F,Main,-1.0600579977036,Volt DC,10,T,2W,F,F,62.402551820
-1.256145765183e-07,Amp DC,.000001,5.5,F,F,F,F,F,F,Front,F,Main,-1.1612026691437,Volt DC,10,T,2W,F,F,62.486722180
-1.391646549109e-07,Amp DC,.000001,5.5,F,F,F,F,F,F,Front,F,Main,-1.2620586156845,Volt DC,10,T,2W,F,F,62.570881380
-1.508567351038e-07,Amp DC,.000001,5.5,F,F,F,F,F,F,Front,F,Main,-1.3632361888885,Volt DC,10,T,2W,F,F,62.655037120
-1.616113678438e-07,Amp DC,.000001,5.5,F,F,F,F,F,F,Front,F,Main,-1.4644069671631,Volt DC,10,T,2W,F,F,62.739170420
-1.719712372505e-07,Amp DC,.000001,5.5,F,F,F,F,F,F,Front,F,Main,-1.5652109384537,Volt DC,10,T,2W,F,F,62.823328200
-1.824021182983e-07,Amp DC,.000001,5.5,F,F,F,F,F,F,Front,F,Main,-1.6663994789124,Volt DC,10,T,2W,F,F,62.907475760
-1.92509048702e-07,Amp DC,.000001,5.5,F,F,F,F,F,F,Front,F,Main,-1.7671768665314,Volt DC,10,T,2W,F,F,62.991619560
-2.025875147638e-07,Amp DC,.000001,5.5,F,F,F,F,F,F,Front,F,Main,-1.8683893680573,Volt DC,10,T,2W,F,F,63.075773740
-2.12634731156e-07,Amp DC,.000001,5.5,F,F,F,F,F,F,Front,F,Main,-1.9692333936691,Volt DC,10,T,2W,F,F,63.159902520
-2.228920976677e-07,Amp DC,.000001,5.5,F,F,F,F,F,F,Front,F,Main,-2.0703654289246,Volt DC,10,T,2W,F,F,63.244024980
-2.32870831951e-07,Amp DC,.000001,5.5,F,F,F,F,F,F,Front,F,Main,-2.1711611747742,Volt DC,10,T,2W,F,F,63.328179180
-2.430520567032e-07,Amp DC,.000001,5.5,F,F,F,F,F,F,Front,F,Main,-2.2723269462585,Volt DC,10,T,2W,F,F,63.412357660
-2.530630922593e-07,Amp DC,.000001,5.5,F,F,F,F,F,F,Front,F,Main,-2.3731417655945,Volt DC,10,T,2W,F,F,63.496509340
-2.631758206917e-07,Amp DC,.000001,5.5,F,F,F,F,F,F,Front,F,Main,-2.4743115901947,Volt DC,10,T,2W,F,F,63.580629600
-2.734335282639e-07,Amp DC,.000001,5.5,F,F,F,F,F,F,Front,F,Main,-2.5757505893707,Volt DC,10,T,2W,F,F,63.664767980
-2.848557016932e-07,Amp DC,.000001,5.5,F,F,F,F,F,F,Front,F,Main,-2.6765682697296,Volt DC,10,T,2W,F,F,63.748909700
-3.654545537302e-07,Amp DC,.000001,5.5,F,F,F,F,F,F,Front,F,Main,-2.7776820659637,Volt DC,10,T,2W,F,F,63.833037540
-2.956283424282e-06,Amp DC,.00001,5.5,F,F,F,F,F,F,Front,F,Main,-2.8788442611694,Volt DC,10,T,2W,F,F,64.206205260
-2.077928184008e-05,Amp DC,.0001,5.5,F,F,F,F,F,F,Front,F,Main,-2.9797267913818,Volt DC,10,T,2W,F,F,64.559968620
-5.245300781098e-05,Amp DC,.0001,5.5,F,F,F,F,F,F,Front,F,Main,-3.0808122158051,Volt DC,10,T,2W,F,F,64.629435100
-9.043484169524e-05,Amp DC,.0001,5.5,F,F,F,F,F,F,Front,F,Main,-3.1815376281738,Volt DC,10,T,2W,F,F,64.698865180
-0.0001321816816926,Amp DC,.001,5.5,F,F,F,F,F,F,Front,F,Main,-3.2828588485718,Volt DC,10,T,2W,F,F,65.048575980
-0.0001754863624228,Amp DC,.001,5.5,F,F,F,F,F,F,Front,F,Main,-3.3836743831635,Volt DC,10,T,2W,F,F,65.118023420
-0.0002200870076194,Amp DC,.001,5.5,F,F,F,F,F,F,Front,F,Main,-3.4848475456238,Volt DC,10,T,2W,F,F,65.187440360
-0.0002653093542904,Amp DC,.001,5.5,F,F,F,F,F,F,Front,F,Main,-3.5856900215149,Volt DC,10,T,2W,F,F,65.256869700
-0.0003112018457614,Amp DC,.001,5.5,F,F,F,F,F,F,Front,F,Main,-3.6868376731873,Volt DC,10,T,2W,F,F,65.326268140
-0.0003572914865799,Amp DC,.001,5.5,F,F,F,F,F,F,Front,F,Main,-3.7875950336456,Volt DC,10,T,2W,F,F,65.395688620
-0.0004038492334075,Amp DC,.001,5.5,F,F,F,F,F,F,Front,F,Main,-3.8887305259705,Volt DC,10,T,2W,F,F,65.465114820
-0.0004504887037911,Amp DC,.001,5.5,F,F,F,F,F,F,Front,F,Main,-3.9895813465118,Volt DC,10,T,2W,F,F,65.534556960
-0.0004974522162229,Amp DC,.001,5.5,F,F,F,F,F,F,Front,F,Main,-4.0907316207886,Volt DC,10,T,2W,F,F,65.603958500
-0.0005444181151688,Amp DC,.001,5.5,F,F,F,F,F,F,Front,F,Main,-4.1915569305420,Volt DC,10,T,2W,F,F,65.673371140
-0.0005916437366977,Amp DC,.001,5.5,F,F,F,F,F,F,Front,F,Main,-4.2926893234253,Volt DC,10,T,2W,F,F,65.742787920
-0.0006389822810888,Amp DC,.001,5.5,F,F,F,F,F,F,Front,F,Main,-4.3938574790955,Volt DC,10,T,2W,F,F,65.812195300
-0.0006862266454846,Amp DC,.001,5.5,F,F,F,F,F,F,Front,F,Main,-4.4946417808533,Volt DC,10,T,2W,F,F,65.881613780
-0.0007337590213865,Amp DC,.001,5.5,F,F,F,F,F,F,Front,F,Main,-4.5958423614502,Volt DC,10,T,2W,F,F,65.951024260
-0.0007811661926098,Amp DC,.001,5.5,F,F,F,F,F,F,Front,F,Main,-4.6966743469238,Volt DC,10,T,2W,F,F,66.020446880
-0.0008287813980132,Amp DC,.001,5.5,F,F,F,F,F,F,Front,F,Main,-4.7977957725525,Volt DC,10,T,2W,F,F,66.089885360
-0.000876277917996,Amp DC,.001,5.5,F,F,F,F,F,F,Front,F,Main,-4.8985986709595,Volt DC,10,T,2W,F,F,66.159329460
-0.000924005988054,Amp DC,.001,5.5,F,F,F,F,F,F,Front,F,Main,-4.9997549057007,Volt DC,10,T,2W,F,F,66.228740080
-0.0009240197832696,Amp DC,.001,5.5,F,F,F,F,F,F,Front,F,Main,-4.9997539520264,Volt DC,10,T,2W,F,F,66.298195760
-0.0008763108635321,Amp DC,.001,5.5,F,F,F,F,F,F,Front,F,Main,-4.8985891342163,Volt DC,10,T,2W,F,F,66.367645880
-0.0008288277313113,Amp DC,.001,5.5,F,F,F,F,F,F,Front,F,Main,-4.7978014945984,Volt DC,10,T,2W,F,F,66.437081100
-0.0007812365656719,Amp DC,.001,5.5,F,F,F,F,F,F,Front,F,Main,-4.6966738700867,Volt DC,10,T,2W,F,F,66.506510920
-0.0007338350987993,Amp DC,.001,5.5,F,F,F,F,F,F,Front,F,Main,-4.5958433151245,Volt DC,10,T,2W,F,F,66.575924000
-0.0006863224552944,Amp DC,.001,5.5,F,F,F,F,F,F,Front,F,Main,-4.4946436882019,Volt DC,10,T,2W,F,F,66.645344080
-0.0006390892085619,Amp DC,.001,5.5,F,F,F,F,F,F,Front,F,Main,-4.3938703536987,Volt DC,10,T,2W,F,F,66.714749180
-0.0005917474627495,Amp DC,.001,5.5,F,F,F,F,F,F,Front,F,Main,-4.2926898002625,Volt DC,10,T,2W,F,F,66.784197100
-0.0005445298156701,Amp DC,.001,5.5,F,F,F,F,F,F,Front,F,Main,-4.1915616989136,Volt DC,10,T,2W,F,F,66.853626480
-0.0004975693882443,Amp DC,.001,5.5,F,F,F,F,F,F,Front,F,Main,-4.0907320976257,Volt DC,10,T,2W,F,F,66.923046660
-0.0004506004333962,Amp DC,.001,5.5,F,F,F,F,F,F,Front,F,Main,-3.9895839691162,Volt DC,10,T,2W,F,F,66.992462460
-0.0004039608465973,Amp DC,.001,5.5,F,F,F,F,F,F,Front,F,Main,-3.8887317180634,Volt DC,10,T,2W,F,F,67.061876280
-0.0003573969297577,Amp DC,.001,5.5,F,F,F,F,F,F,Front,F,Main,-3.7875971794128,Volt DC,10,T,2W,F,F,67.131283440
-0.000311307318043,Amp DC,.001,5.5,F,F,F,F,F,F,Front,F,Main,-3.6868464946747,Volt DC,10,T,2W,F,F,67.200687620
-0.0002654115960468,Amp DC,.001,5.5,F,F,F,F,F,F,Front,F,Main,-3.5856859683990,Volt DC,10,T,2W,F,F,67.270114140
-0.0002201744937338,Amp DC,.001,5.5,F,F,F,F,F,F,Front,F,Main,-3.4848473072052,Volt DC,10,T,2W,F,F,67.339555620
-0.0001755665289238,Amp DC,.001,5.5,F,F,F,F,F,F,Front,F,Main,-3.3836834430695,Volt DC,10,T,2W,F,F,67.408981020
-0.0001322565658484,Amp DC,.001,5.5,F,F,F,F,F,F,Front,F,Main,-3.2828619480133,Volt DC,10,T,2W,F,F,67.478396900
-9.05832494027e-05,Amp DC,.0001,5.5,F,F,F,F,F,F,Front,F,Main,-3.1815452575684,Volt DC,10,T,2W,F,F,67.692767620
-5.26279945916e-05,Amp DC,.0001,5.5,F,F,F,F,F,F,Front,F,Main,-3.0808060169220,Volt DC,10,T,2W,F,F,67.762216640
-2.084182779072e-05,Amp DC,.0001,5.5,F,F,F,F,F,F,Front,F,Main,-2.9797260761261,Volt DC,10,T,2W,F,F,67.831633900
-2.954237970698e-06,Amp DC,.00001,5.5,F,F,F,F,F,F,Front,F,Main,-2.8788425922394,Volt DC,10,T,2W,F,F,68.049998820
-3.479367194359e-07,Amp DC,.000001,5.5,F,F,F,F,F,F,Front,F,Main,-2.7776701450348,Volt DC,10,T,2W,F,F,68.272388120
-2.592238388388e-07,Amp DC,.000001,5.5,F,F,F,F,F,F,Front,F,Main,-2.6765549182892,Volt DC,10,T,2W,F,F,68.356553900
-2.445118809646e-07,Amp DC,.000001,5.5,F,F,F,F,F,F,Front,F,Main,-2.5757324695587,Volt DC,10,T,2W,F,F,68.440701340
-2.328822574782e-07,Amp DC,.000001,5.5,F,F,F,F,F,F,Front,F,Main,-2.4742980003357,Volt DC,10,T,2W,F,F,68.524857260
-2.222226100912e-07,Amp DC,.000001,5.5,F,F,F,F,F,F,Front,F,Main,-2.3731305599213,Volt DC,10,T,2W,F,F,68.609013120
-2.119279116641e-07,Amp DC,.000001,5.5,F,F,F,F,F,F,Front,F,Main,-2.2723245620728,Volt DC,10,T,2W,F,F,68.693137620
-2.015810451894e-07,Amp DC,.000001,5.5,F,F,F,F,F,F,Front,F,Main,-2.1711466312408,Volt DC,10,T,2W,F,F,68.777277720
-1.914531964076e-07,Amp DC,.000001,5.5,F,F,F,F,F,F,Front,F,Main,-2.0703594684601,Volt DC,10,T,2W,F,F,68.861440920
-1.813323109445e-07,Amp DC,.000001,5.5,F,F,F,F,F,F,Front,F,Main,-1.9692223072052,Volt DC,10,T,2W,F,F,68.945590660
-1.712356834105e-07,Amp DC,.000001,5.5,F,F,F,F,F,F,Front,F,Main,-1.8683755397797,Volt DC,10,T,2W,F,F,69.029743020
-1.610198552271e-07,Amp DC,.000001,5.5,F,F,F,F,F,F,Front,F,Main,-1.7671606540680,Volt DC,10,T,2W,F,F,69.113883580
-1.509522036258e-07,Amp DC,.000001,5.5,F,F,F,F,F,F,Front,F,Main,-1.6663969755173,Volt DC,10,T,2W,F,F,69.198032580
-1.408158567529e-07,Amp DC,.000001,5.5,F,F,F,F,F,F,Front,F,Main,-1.5651990175247,Volt DC,10,T,2W,F,F,69.282179300
-1.307251977778e-07,Amp DC,.000001,5.5,F,F,F,F,F,F,Front,F,Main,-1.4643937349319,Volt DC,10,T,2W,F,F,69.366313360
-1.2059059884e-07,Amp DC,.000001,5.5,F,F,F,F,F,F,Front,F,Main,-1.3632247447968,Volt DC,10,T,2W,F,F,69.450481380
-1.104691591536e-07,Amp DC,.000001,5.5,F,F,F,F,F,F,Front,F,Main,-1.2620482444763,Volt DC,10,T,2W,F,F,69.534631980
-1.004484033729e-07,Amp DC,.000001,5.5,F,F,F,F,F,F,Front,F,Main,-1.1611927747726,Volt DC,10,T,2W,F,F,69.618766200
-9.85532579989e-08,Amp DC,.0000001,5.5,F,F,F,F,F,F,Front,F,Main,-1.0281534194946,Volt DC,10,T,2W,F,F,69.893382620
-9.175923310067e-08,Amp DC,.0000001,5.5,F,F,F,F,F,F,Front,F,Main,-0.9524785280228,Volt DC,10,T,2W,F,F,70.274920520
-8.099267034822e-08,Amp DC,.0000001,5.5,F,F,F,F,F,F,Front,F,Main,-0.8579040169716,Volt DC,10,T,2W,F,F,70.656445680
-7.071741947584e-08,Amp DC,.0000001,5.5,F,F,F,F,F,F,Front,F,Main,-0.7570726275444,Volt DC,10,T,2W,F,F,71.037960520
-6.059080703835e-08,Amp DC,.0000001,5.5,F,F,F,F,F,F,Front,F,Main,-0.6559227705002,Volt DC,10,T,2W,F,F,71.419464280
-5.054684493189e-08,Amp DC,.0000001,5.5,F,F,F,F,F,F,Front,F,Main,-0.5551111102104,Volt DC,10,T,2W,F,F,71.800958540
-4.041008949685e-08,Amp DC,.0000001,5.5,F,F,F,F,F,F,Front,F,Main,-0.4539585411549,Volt DC,10,T,2W,F,F,72.182479420
-3.038647733433e-08,Amp DC,.0000001,5.5,F,F,F,F,F,F,Front,F,Main,-0.3531460762024,Volt DC,10,T,2W,F,F,72.563990200
-2.026446921377e-08,Amp DC,.0000001,5.5,F,F,F,F,F,F,Front,F,Main,-0.2520519793034,Volt DC,10,T,2W,F,F,72.945518820
-1.020780349137e-08,Amp DC,.0000001,5.5,F,F,F,F,F,F,Front,F,Main,-0.1511608660221,Volt DC,10,T,2W,F,F,73.327014940
-5.065381003533e-09,Amp DC,.0000001,5.5,F,F,F,F,F,F,Front,F,Main,-0.0500960797071,Volt DC,10,T,2W,F,F,74.169886200
2.928942421931e-09,Amp DC,.00000001,5.5,F,F,F,F,F,F,Front,F,Main,0.0269332248718,Volt DC,10,T,2W,F,F,74.674049720
9.523879462847e-09,Amp DC,.00000001,5.5,F,F,F,F,F,F,Front,F,Main,0.0764377191663,Volt DC,10,T,2W,F,F,75.055571840
2.662111775464e-08,Amp DC,.0000001,5.5,F,F,F,F,F,F,Front,F,Main,0.2524835169315,Volt DC,10,T,2W,F,F,75.776111640
4.014023602394e-08,Amp DC,.0000001,5.5,F,F,F,F,F,F,Front,F,Main,0.3532844483852,Volt DC,10,T,2W,F,F,76.157616900
5.037840367095e-08,Amp DC,.0000001,5.5,F,F,F,F,F,F,Front,F,Main,0.4543831646442,Volt DC,10,T,2W,F,F,76.539092240
6.043335787353e-08,Amp DC,.0000001,5.5,F,F,F,F,F,F,Front,F,Main,0.5552185177803,Volt DC,10,T,2W,F,F,76.920592480
7.061808560138e-08,Amp DC,.0000001,5.5,F,F,F,F,F,F,Front,F,Main,0.6563533544540,Volt DC,10,T,2W,F,F,77.302083180
8.074332669139e-08,Amp DC,.0000001,5.5,F,F,F,F,F,F,Front,F,Main,0.7574735879898,Volt DC,10,T,2W,F,F,77.683588320
8.62876845531e-08,Amp DC,.000001,5.5,F,F,F,F,F,F,Front,F,Main,0.8584435582161,Volt DC,10,T,2W,F,F,78.362583760
1.049316722401e-07,Amp DC,.000001,5.5,F,F,F,F,F,F,Front,F,Main,0.9595913290977,Volt DC,10,T,2W,F,F,78.446765140
1.187261915447e-07,Amp DC,.000001,5.5,F,F,F,F,F,F,Front,F,Main,1.0603549480438,Volt DC,10,T,2W,F,F,78.530924080
1.305627534975e-07,Amp DC,.000001,5.5,F,F,F,F,F,F,Front,F,Main,1.1614944934845,Volt DC,10,T,2W,F,F,78.615056960
1.414050387893e-07,Amp DC,.000001,5.5,F,F,F,F,F,F,Front,F,Main,1.2623606920242,Volt DC,10,T,2W,F,F,78.699187400
1.518774439546e-07,Amp DC,.000001,5.5,F,F,F,F,F,F,Front,F,Main,1.3635129928589,Volt DC,10,T,2W,F,F,78.783327220
1.620657315016e-07,Amp DC,.000001,5.5,F,F,F,F,F,F,Front,F,Main,1.4643356800079,Volt DC,10,T,2W,F,F,78.867464120
1.722185061226e-07,Amp DC,.000001,5.5,F,F,F,F,F,F,Front,F,Main,1.5654753446579,Volt DC,10,T,2W,F,F,78.951583660
1.823725881422e-07,Amp DC,.000001,5.5,F,F,F,F,F,F,Front,F,Main,1.6666378974915,Volt DC,10,T,2W,F,F,79.035749920
1.921271035599e-07,Amp DC,.000001,5.5,F,F,F,F,F,F,Front,F,Main,1.7674195766449,Volt DC,10,T,2W,F,F,79.119907320
2.026230276897e-07,Amp DC,.000001,5.5,F,F,F,F,F,F,Front,F,Main,1.8686347007751,Volt DC,10,T,2W,F,F,79.204038020
2.126631670762e-07,Amp DC,.000001,5.5,F,F,F,F,F,F,Front,F,Main,1.9694539308548,Volt DC,10,T,2W,F,F,79.288171800
2.228690618722e-07,Amp DC,.000001,5.5,F,F,F,F,F,F,Front,F,Main,2.0705809593201,Volt DC,10,T,2W,F,F,79.372303800
2.328815753572e-07,Amp DC,.000001,5.5,F,F,F,F,F,F,Front,F,Main,2.1713747978210,Volt DC,10,T,2W,F,F,79.456456920
2.430676317999e-07,Amp DC,.000001,5.5,F,F,F,F,F,F,Front,F,Main,2.2725453376770,Volt DC,10,T,2W,F,F,79.540603640
2.531193956656e-07,Amp DC,.000001,5.5,F,F,F,F,F,F,Front,F,Main,2.3733518123627,Volt DC,10,T,2W,F,F,79.624770760
2.632791336055e-07,Amp DC,.000001,5.5,F,F,F,F,F,F,Front,F,Main,2.4745121002197,Volt DC,10,T,2W,F,F,79.708916980
2.734655595305e-07,Amp DC,.000001,5.5,F,F,F,F,F,F,Front,F,Main,2.5759398937225,Volt DC,10,T,2W,F,F,79.793049780
2.835531063283e-07,Amp DC,.000001,5.5,F,F,F,F,F,F,Front,F,Main,2.6770808696747,Volt DC,10,T,2W,F,F,79.877197220
2.949871600322e-07,Amp DC,.000001,5.5,F,F,F,F,F,F,Front,F,Main,2.7778446674347,Volt DC,10,T,2W,F,F,79.961341280
3.761903712984e-07,Amp DC,.000001,5.5,F,F,F,F,F,F,Front,F,Main,2.8789978027344,Volt DC,10,T,2W,F,F,80.045469580
3.179847453794e-06,Amp DC,.00001,5.5,F,F,F,F,F,F,Front,F,Main,2.9798452854156,Volt DC,10,T,2W,F,F,80.418605860
2.432988367218e-05,Amp DC,.0001,5.5,F,F,F,F,F,F,Front,F,Main,3.0809829235077,Volt DC,10,T,2W,F,F,80.772368600
6.079921149649e-05,Amp DC,.0001,5.5,F,F,F,F,F,F,Front,F,Main,3.1816663742065,Volt DC,10,T,2W,F,F,80.841816180
0.0001026228055707,Amp DC,.0001,5.5,F,F,F,F,F,F,Front,F,Main,3.2827084064484,Volt DC,10,T,2W,F,F,80.911248560
0.0001467713445891,Amp DC,.001,5.5,F,F,F,F,F,F,Front,F,Main,3.3838391304016,Volt DC,10,T,2W,F,F,81.260949440
0.0001918478810694,Amp DC,.001,5.5,F,F,F,F,F,F,Front,F,Main,3.4849703311920,Volt DC,10,T,2W,F,F,81.330390860
0.0002374838513788,Amp DC,.001,5.5,F,F,F,F,F,F,Front,F,Main,3.5857815742493,Volt DC,10,T,2W,F,F,81.399820520
0.0002836902567651,Amp DC,.001,5.5,F,F,F,F,F,F,Front,F,Main,3.6869137287140,Volt DC,10,T,2W,F,F,81.469229240
0.0003302033001091,Amp DC,.001,5.5,F,F,F,F,F,F,Front,F,Main,3.7879948616028,Volt DC,10,T,2W,F,F,81.538648640
0.0003768328169826,Amp DC,.001,5.5,F,F,F,F,F,F,Front,F,Main,3.8888041973114,Volt DC,10,T,2W,F,F,81.608051460
0.0004238061374053,Amp DC,.001,5.5,F,F,F,F,F,F,Front,F,Main,3.9899978637695,Volt DC,10,T,2W,F,F,81.677449940
0.0004707605403382,Amp DC,.001,5.5,F,F,F,F,F,F,Front,F,Main,4.0907673835754,Volt DC,10,T,2W,F,F,81.746875960
0.0005180176231079,Amp DC,.001,5.5,F,F,F,F,F,F,Front,F,Main,4.1918926239014,Volt DC,10,T,2W,F,F,81.816285120
0.0005652121617459,Amp DC,.001,5.5,F,F,F,F,F,F,Front,F,Main,4.2927103042603,Volt DC,10,T,2W,F,F,81.885721600
0.0006126389489509,Amp DC,.001,5.5,F,F,F,F,F,F,Front,F,Main,4.3938517570496,Volt DC,10,T,2W,F,F,81.955138940
0.0006599827320315,Amp DC,.001,5.5,F,F,F,F,F,F,Front,F,Main,4.4946146011353,Volt DC,10,T,2W,F,F,82.024565740
0.0007075676112436,Amp DC,.001,5.5,F,F,F,F,F,F,Front,F,Main,4.5958223342896,Volt DC,10,T,2W,F,F,82.093954840
0.0007550244918093,Amp DC,.001,5.5,F,F,F,F,F,F,Front,F,Main,4.6965942382813,Volt DC,10,T,2W,F,F,82.163347900
0.0008027077419683,Amp DC,.001,5.5,F,F,F,F,F,F,Front,F,Main,4.7977414131165,Volt DC,10,T,2W,F,F,82.232763260
0.000850388314575,Amp DC,.001,5.5,F,F,F,F,F,F,Front,F,Main,4.8988275527954,Volt DC,10,T,2W,F,F,82.302185040
0.0008980064303614,Amp DC,.001,5.5,F,F,F,F,F,F,Front,F,Main,4.9996466636658,Volt DC,10,T,2W,F,F,82.371596980
0.0008504390134476,Amp DC,.001,5.5,F,F,F,F,F,F,Front,F,Main,4.8988285064697,Volt DC,10,T,2W,F,F,82.441053540
0.0008027436560951,Amp DC,.001,5.5,F,F,F,F,F,F,Front,F,Main,4.7977399826050,Volt DC,10,T,2W,F,F,82.510481840
0.000755068496801,Amp DC,.001,5.5,F,F,F,F,F,F,Front,F,Main,4.6966109275818,Volt DC,10,T,2W,F,F,82.579895560
0.0007075947942212,Amp DC,.001,5.5,F,F,F,F,F,F,Front,F,Main,4.5958185195923,Volt DC,10,T,2W,F,F,82.649312200
0.0006600153283216,Amp DC,.001,5.5,F,F,F,F,F,F,Front,F,Main,4.4946036338806,Volt DC,10,T,2W,F,F,82.718721560
0.0006126972730272,Amp DC,.001,5.5,F,F,F,F,F,F,Front,F,Main,4.3938527107239,Volt DC,10,T,2W,F,F,82.788148360
0.0005652724066749,Amp DC,.001,5.5,F,F,F,F,F,F,Front,F,Main,4.2927060127258,Volt DC,10,T,2W,F,F,82.857570220
0.0005180778680369,Amp DC,.001,5.5,F,F,F,F,F,F,Front,F,Main,4.1919012069702,Volt DC,10,T,2W,F,F,82.927002040
0.0004708520136774,Amp DC,.001,5.5,F,F,F,F,F,F,Front,F,Main,4.0907697677612,Volt DC,10,T,2W,F,F,82.996414140
0.0004239234549459,Amp DC,.001,5.5,F,F,F,F,F,F,Front,F,Main,3.9899923801422,Volt DC,10,T,2W,F,F,83.065842600
0.0003769534814637,Amp DC,.001,5.5,F,F,F,F,F,F,Front,F,Main,3.8888032436371,Volt DC,10,T,2W,F,F,83.135263360
0.0003303101402707,Amp DC,.001,5.5,F,F,F,F,F,F,Front,F,Main,3.7879850864410,Volt DC,10,T,2W,F,F,83.204691160
0.0002837872889359,Amp DC,.001,5.5,F,F,F,F,F,F,Front,F,Main,3.6869146823883,Volt DC,10,T,2W,F,F,83.274111280
0.0002375822223257,Amp DC,.001,5.5,F,F,F,F,F,F,Front,F,Main,3.5857758522034,Volt DC,10,T,2W,F,F,83.343543140
0.0001919537317008,Amp DC,.001,5.5,F,F,F,F,F,F,Front,F,Main,3.4849646091461,Volt DC,10,T,2W,F,F,83.412974640
0.0001468481787015,Amp DC,.001,5.5,F,F,F,F,F,F,Front,F,Main,3.3838305473328,Volt DC,10,T,2W,F,F,83.482380620
0.0001030157000059,Amp DC,.001,5.5,F,F,F,F,F,F,Front,F,Main,3.2830052375793,Volt DC,10,T,2W,F,F,83.551800660
6.097453297116e-05,Amp DC,.0001,5.5,F,F,F,F,F,F,Front,F,Main,3.1816627979279,Volt DC,10,T,2W,F,F,83.766170340
2.446545113344e-05,Amp DC,.0001,5.5,F,F,F,F,F,F,Front,F,Main,3.0809783935547,Volt DC,10,T,2W,F,F,83.835631940
3.18843194691e-06,Amp DC,.00001,5.5,F,F,F,F,F,F,Front,F,Main,2.9798624515533,Volt DC,10,T,2W,F,F,84.054022260
3.592453765577e-07,Amp DC,.000001,5.5,F,F,F,F,F,F,Front,F,Main,2.8789997100830,Volt DC,10,T,2W,F,F,84.276392880
2.694156080452e-07,Amp DC,.000001,5.5,F,F,F,F,F,F,Front,F,Main,2.7778408527374,Volt DC,10,T,2W,F,F,84.360565260
2.54706094438e-07,Amp DC,.000001,5.5,F,F,F,F,F,F,Front,F,Main,2.6770744323730,Volt DC,10,T,2W,F,F,84.444720040
2.431177676954e-07,Amp DC,.000001,5.5,F,F,F,F,F,F,Front,F,Main,2.5759310722351,Volt DC,10,T,2W,F,F,84.528880420
2.322723986481e-07,Amp DC,.000001,5.5,F,F,F,F,F,F,Front,F,Main,2.4745061397552,Volt DC,10,T,2W,F,F,84.613023900
2.218209402827e-07,Amp DC,.000001,5.5,F,F,F,F,F,F,Front,F,Main,2.3733346462250,Volt DC,10,T,2W,F,F,84.697162400
2.117514412703e-07,Amp DC,.000001,5.5,F,F,F,F,F,F,Front,F,Main,2.2725265026093,Volt DC,10,T,2W,F,F,84.781301900
2.015465270233e-07,Amp DC,.000001,5.5,F,F,F,F,F,F,Front,F,Main,2.1713626384735,Volt DC,10,T,2W,F,F,84.865441020
1.914422682603e-07,Amp DC,.000001,5.5,F,F,F,F,F,F,Front,F,Main,2.0705678462982,Volt DC,10,T,2W,F,F,84.949576640
1.812713037452e-07,Amp DC,.000001,5.5,F,F,F,F,F,F,Front,F,Main,1.9694436788559,Volt DC,10,T,2W,F,F,85.033728360
1.711795789561e-07,Amp DC,.000001,5.5,F,F,F,F,F,F,Front,F,Main,1.8686125278473,Volt DC,10,T,2W,F,F,85.117891080
1.610409725572e-07,Amp DC,.000001,5.5,F,F,F,F,F,F,Front,F,Main,1.7674210071564,Volt DC,10,T,2W,F,F,85.202053280
1.510231442126e-07,Amp DC,.000001,5.5,F,F,F,F,F,F,Front,F,Main,1.6666344404221,Volt DC,10,T,2W,F,F,85.286210460
1.407487957295e-07,Amp DC,.000001,5.5,F,F,F,F,F,F,Front,F,Main,1.5654609203339,Volt DC,10,T,2W,F,F,85.370350700
1.308039827563e-07,Amp DC,.000001,5.5,F,F,F,F,F,F,Front,F,Main,1.4643249511719,Volt DC,10,T,2W,F,F,85.454496060
1.206840352097e-07,Amp DC,.000001,5.5,F,F,F,F,F,F,Front,F,Main,1.3635060787201,Volt DC,10,T,2W,F,F,85.538641800
1.10588693758e-07,Amp DC,.000001,5.5,F,F,F,F,F,F,Front,F,Main,1.2623598575592,Volt DC,10,T,2W,F,F,85.622786020
1.004648666481e-07,Amp DC,.000001,5.5,F,F,F,F,F,F,Front,F,Main,1.1614919900894,Volt DC,10,T,2W,F,F,85.706954920
1.060261425323e-07,Amp DC,.000001,5.5,F,F,F,F,F,F,Front,F,Main,1.0603587627411,Volt DC,10,T,2W,F,F,86.279094520
9.282747726047e-08,Amp DC,.0000001,5.5,F,F,F,F,F,F,Front,F,Main,0.9482970833778,Volt DC,10,T,2W,F,F,86.553739320
8.123826944484e-08,Amp DC,.0000001,5.5,F,F,F,F,F,F,Front,F,Main,0.8581833243370,Volt DC,10,T,2W,F,F,86.935302540
7.075941965695e-08,Amp DC,.0000001,5.5,F,F,F,F,F,F,Front,F,Main,0.7573732137680,Volt DC,10,T,2W,F,F,87.316812200
6.061259227863e-08,Amp DC,.0000001,5.5,F,F,F,F,F,F,Front,F,Main,0.6562389731407,Volt DC,10,T,2W,F,F,87.698336520
5.048096696214e-08,Amp DC,.0000001,5.5,F,F,F,F,F,F,Front,F,Main,0.5551221966743,Volt DC,10,T,2W,F,F,88.079833040
4.049377722026e-08,Amp DC,.0000001,5.5,F,F,F,F,F,F,Front,F,Main,0.4542772769928,Volt DC,10,T,2W,F,F,88.461333720
3.034659457057e-08,Amp DC,.0000001,5.5,F,F,F,F,F,F,Front,F,Main,0.3531810045242,Volt DC,10,T,2W,F,F,88.842839820
2.034291135544e-08,Amp DC,.0000001,5.5,F,F,F,F,F,F,Front,F,Main,0.2524089217186,Volt DC,10,T,2W,F,F,89.224350320
1.014933825871e-08,Amp DC,.0000001,5.5,F,F,F,F,F,F,Front,F,Main,0.1512473374605,Volt DC,10,T,2W,F,F,89.605870260
1.292091655891e-09,Amp DC,.00000001,5.5,F,F,F,F,F,F,Front,F,Main,0.0363022424281,Volt DC,10,T,2W,F,F,90.109740240
-5.4105653291e-09,Amp DC,.0000001,5.5,F,F,F,F,F,F,Front,F,Main,-0.0500988401473,Volt DC,10,T,2W,F,F,90.830574660
-1.988443898426e-08,Amp DC,.0000001,5.5,F,F,F,F,F,F,Front,F,Main,-0.1512866020203,Volt DC,10,T,2W,F,F,91.212104660
-3.00495557326e-08,Amp DC,.0000001,5.5,F,F,F,F,F,F,Front,F,Main,-0.2521570324898,Volt DC,10,T,2W,F,F,91.593606700
-4.021075383775e-08,Amp DC,.0000001,5.5,F,F,F,F,F,F,Front,F,Main,-0.3532703518867,Volt DC,10,T,2W,F,F,91.975094620
-5.027907690192e-08,Amp DC,.0000001,5.5,F,F,F,F,F,F,Front,F,Main,-0.4540720283985,Volt DC,10,T,2W,F,F,92.356605240
-6.042208156032e-08,Amp DC,.0000001,5.5,F,F,F,F,F,F,Front,F,Main,-0.5552271008492,Volt DC,10,T,2W,F,F,92.738115840
-7.051455952478e-08,Amp DC,.0000001,5.5,F,F,F,F,F,F,Front,F,Main,-0.6560622453690,Volt DC,10,T,2W,F,F,93.119617020
-8.065122614198e-08,Amp DC,.0000001,5.5,F,F,F,F,F,F,Front,F,Main,-0.7571956515312,Volt DC,10,T,2W,F,F,93.501148820
-9.013630375421e-08,Amp DC,.0000001,5.5,F,F,F,F,F,F,Front,F,Main,-0.8554224967957,Volt DC,10,T,2W,F,F,93.882656440
-9.72619105255e-08,Amp DC,.0000001,5.5,F,F,F,F,F,F,Front,F,Main,-0.9379318356514,Volt DC,10,T,2W,F,F,94.264161760
-1.069466861736e-07,Amp DC,.000001,5.5,F,F,F,F,F,F,Front,F,Main,-1.0600534677505,Volt DC,10,T,2W,F,F,94.943219180
-1.250217991355e-07,Amp DC,.000001,5.5,F,F,F,F,F,F,Front,F,Main,-1.1611992120743,Volt DC,10,T,2W,F,F,95.027393020
-1.390080228703e-07,Amp DC,.000001,5.5,F,F,F,F,F,F,Front,F,Main,-1.2620562314987,Volt DC,10,T,2W,F,F,95.111545940
-1.507786748789e-07,Amp DC,.000001,5.5,F,F,F,F,F,F,Front,F,Main,-1.3632272481918,Volt DC,10,T,2W,F,F,95.195711200
-1.616303535457e-07,Amp DC,.000001,5.5,F,F,F,F,F,F,Front,F,Main,-1.4644055366516,Volt DC,10,T,2W,F,F,95.279837140
-1.719572253478e-07,Amp DC,.000001,5.5,F,F,F,F,F,F,Front,F,Main,-1.5652124881744,Volt DC,10,T,2W,F,F,95.363985600
-1.823099182729e-07,Amp DC,.000001,5.5,F,F,F,F,F,F,Front,F,Main,-1.6663992404938,Volt DC,10,T,2W,F,F,95.448151320
-1.923844621388e-07,Amp DC,.000001,5.5,F,F,F,F,F,F,Front,F,Main,-1.7671725749969,Volt DC,10,T,2W,F,F,95.532312260
-2.02580451969e-07,Amp DC,.000001,5.5,F,F,F,F,F,F,Front,F,Main,-1.8683865070343,Volt DC,10,T,2W,F,F,95.616457220
-2.127161025101e-07,Amp DC,.000001,5.5,F,F,F,F,F,F,Front,F,Main,-1.9692267179489,Volt DC,10,T,2W,F,F,95.700583080
-2.22851667786e-07,Amp DC,.000001,5.5,F,F,F,F,F,F,Front,F,Main,-2.0703635215759,Volt DC,10,T,2W,F,F,95.784718660
-2.328832806597e-07,Amp DC,.000001,5.5,F,F,F,F,F,F,Front,F,Main,-2.1711580753326,Volt DC,10,T,2W,F,F,95.868866940
-2.429849814689e-07,Amp DC,.000001,5.5,F,F,F,F,F,F,Front,F,Main,-2.2723271846771,Volt DC,10,T,2W,F,F,95.953021600
-2.530653944177e-07,Amp DC,.000001,5.5,F,F,F,F,F,F,Front,F,Main,-2.3731381893158,Volt DC,10,T,2W,F,F,96.037195800
-2.632125415403e-07,Amp DC,.000001,5.5,F,F,F,F,F,F,Front,F,Main,-2.4743125438690,Volt DC,10,T,2W,F,F,96.121350020
-2.734747397426e-07,Amp DC,.000001,5.5,F,F,F,F,F,F,Front,F,Main,-2.5757443904877,Volt DC,10,T,2W,F,F,96.205497040
-2.848560711755e-07,Amp DC,.000001,5.5,F,F,F,F,F,F,Front,F,Main,-2.6765694618225,Volt DC,10,T,2W,F,F,96.289633620
-3.655759144294e-07,Amp DC,.000001,5.5,F,F,F,F,F,F,Front,F,Main,-2.7776834964752,Volt DC,10,T,2W,F,F,96.373773040
-2.960669917229e-06,Amp DC,.00001,5.5,F,F,F,F,F,F,Front,F,Main,-2.8788423538208,Volt DC,10,T,2W,F,F,96.746916740
-2.077988574456e-05,Amp DC,.0001,5.5,F,F,F,F,F,F,Front,F,Main,-2.9797306060791,Volt DC,10,T,2W,F,F,97.100682740
-5.245622014627e-05,Amp DC,.0001,5.5,F,F,F,F,F,F,Front,F,Main,-3.0808041095734,Volt DC,10,T,2W,F,F,97.170153120
-9.04375265236e-05,Amp DC,.0001,5.5,F,F,F,F,F,F,Front,F,Main,-3.1815376281738,Volt DC,10,T,2W,F,F,97.239577660
-0.0001321921299677,Amp DC,.001,5.5,F,F,F,F,F,F,Front,F,Main,-3.2828724384308,Volt DC,10,T,2W,F,F,97.589280500
-0.0001754881959641,Amp DC,.001,5.5,F,F,F,F,F,F,Front,F,Main,-3.3836953639984,Volt DC,10,T,2W,F,F,97.658736620
-0.0002200886665378,Amp DC,.001,5.5,F,F,F,F,F,F,Front,F,Main,-3.4848392009735,Volt DC,10,T,2W,F,F,97.728162400
-0.0002653108676895,Amp DC,.001,5.5,F,F,F,F,F,F,Front,F,Main,-3.5856876373291,Volt DC,10,T,2W,F,F,97.797589120
-0.0003112053673249,Amp DC,.001,5.5,F,F,F,F,F,F,Front,F,Main,-3.6868369579315,Volt DC,10,T,2W,F,F,97.867009180
-0.0003572872374207,Amp DC,.001,5.5,F,F,F,F,F,F,Front,F,Main,-3.7875983715057,Volt DC,10,T,2W,F,F,97.936428620
-0.0004038433544338,Amp DC,.001,5.5,F,F,F,F,F,F,Front,F,Main,-3.8887326717377,Volt DC,10,T,2W,F,F,98.005852640
-0.0004504959797487,Amp DC,.001,5.5,F,F,F,F,F,F,Front,F,Main,-3.9895899295807,Volt DC,10,T,2W,F,F,98.075266800
-0.0004974564653821,Amp DC,.001,5.5,F,F,F,F,F,F,Front,F,Main,-4.0907354354858,Volt DC,10,T,2W,F,F,98.144681260
-0.0005444187554531,Amp DC,.001,5.5,F,F,F,F,F,F,Front,F,Main,-4.1915712356567,Volt DC,10,T,2W,F,F,98.214105440
-0.0005916399531998,Amp DC,.001,5.5,F,F,F,F,F,F,Front,F,Main,-4.2927036285400,Volt DC,10,T,2W,F,F,98.283562880
-0.0006389824557118,Amp DC,.001,5.5,F,F,F,F,F,F,Front,F,Main,-4.3938674926758,Volt DC,10,T,2W,F,F,98.352968480
-0.000686236016918,Amp DC,.001,5.5,F,F,F,F,F,F,Front,F,Main,-4.4946417808533,Volt DC,10,T,2W,F,F,98.422390520
-0.0007337540155277,Amp DC,.001,5.5,F,F,F,F,F,F,Front,F,Main,-4.5958466529846,Volt DC,10,T,2W,F,F,98.491821100
-0.0007811672985554,Amp DC,.001,5.5,F,F,F,F,F,F,Front,F,Main,-4.6966810226440,Volt DC,10,T,2W,F,F,98.561255520
-0.0008287787204608,Amp DC,.001,5.5,F,F,F,F,F,F,Front,F,Main,-4.7977995872498,Volt DC,10,T,2W,F,F,98.630684500
-0.0008762769866735,Amp DC,.001,5.5,F,F,F,F,F,F,Front,F,Main,-4.8986077308655,Volt DC,10,T,2W,F,F,98.700115620
-0.0009240077342838,Amp DC,.001,5.5,F,F,F,F,F,F,Front,F,Main,-4.9997582435608,Volt DC,10,T,2W,F,F,98.769549580
